,date,avg_temp,min_temp,max_temp,day_type,season,year,at_grade
0,2021-01-01,-4.2,-9.8,1.6,Weekend,Winter,2021,cold
1,2021-01-02,-5.0,-8.4,-1.4,Weekend,Winter,2021,cold
2,2021-01-03,-5.6,-9.1,-2.0,Weekend,Winter,2021,cold
3,2021-01-04,-3.5,-8.4,0.3,Weekday,Winter,2021,cold
4,2021-01-05,-5.5,-9.9,-2.1,Weekday,Winter,2021,cold
5,2021-01-06,-7.4,-12.0,-1.9,Weekday,Winter,2021,cold
6,2021-01-07,-14.5,-16.5,-8.4,Weekday,Winter,2021,very_cold
7,2021-01-08,-14.9,-18.6,-10.7,Weekday,Winter,2021,very_cold
8,2021-01-09,-12.2,-16.6,-7.5,Weekend,Winter,2021,very_cold
9,2021-01-10,-7.7,-12.8,-2.7,Weekend,Winter,2021,cold
10,2021-01-11,-6.7,-9.6,-4.0,Weekday,Winter,2021,cold
11,2021-01-12,-3.9,-9.3,-0.5,Weekday,Winter,2021,cold
12,2021-01-13,2.0,-3.0,8.3,Weekday,Winter,2021,mild
13,2021-01-14,1.7,-3.6,7.0,Weekday,Winter,2021,mild
14,2021-01-15,4.5,-0.7,9.9,Weekday,Winter,2021,mild
15,2021-01-16,-4.9,-8.7,-0.7,Weekend,Winter,2021,cold
16,2021-01-17,-5.5,-10.8,-1.3,Weekend,Winter,2021,cold
17,2021-01-18,-3.8,-9.1,0.2,Weekday,Winter,2021,cold
18,2021-01-19,-6.3,-11.6,-0.2,Weekday,Winter,2021,cold
19,2021-01-20,-0.1,-6.6,7.1,Weekday,Winter,2021,cold
20,2021-01-21,4.5,2.5,7.0,Weekday,Winter,2021,mild
21,2021-01-22,5.5,4.8,6.6,Weekday,Winter,2021,mild
22,2021-01-23,7.6,4.8,12.2,Weekend,Winter,2021,mild
23,2021-01-24,7.3,2.4,13.9,Weekend,Winter,2021,mild
24,2021-01-25,7.9,3.0,13.9,Weekday,Winter,2021,mild
25,2021-01-26,5.3,1.7,7.4,Weekday,Winter,2021,mild
26,2021-01-27,1.7,-1.8,6.5,Weekday,Winter,2021,mild
27,2021-01-28,-2.6,-9.7,1.4,Weekday,Winter,2021,cold
28,2021-01-29,-8.8,-11.6,-4.9,Weekday,Winter,2021,cold
29,2021-01-30,-1.6,-8.1,5.2,Weekend,Winter,2021,cold
30,2021-01-31,3.2,-3.8,8.7,Weekend,Winter,2021,mild
31,2021-02-01,5.0,-2.3,9.5,Weekday,Winter,2021,mild
32,2021-02-02,-5.6,-8.2,-2.4,Weekday,Winter,2021,cold
33,2021-02-03,-3.2,-9.4,1.4,Weekday,Winter,2021,cold
34,2021-02-04,-3.6,-7.4,0.7,Weekday,Winter,2021,cold
35,2021-02-05,1.4,-4.4,6.7,Weekday,Winter,2021,mild
36,2021-02-06,6.8,4.3,9.5,Weekend,Winter,2021,mild
37,2021-02-07,3.6,-2.6,7.7,Weekend,Winter,2021,mild
38,2021-02-08,-3.1,-5.4,0.2,Weekday,Winter,2021,cold
39,2021-02-09,-0.9,-6.1,4.7,Weekday,Winter,2021,cold
40,2021-02-10,3.4,-1.5,7.2,Weekday,Winter,2021,mild
41,2021-02-11,5.5,1.3,10.9,Weekend,Winter,2021,mild
42,2021-02-12,6.5,0.6,14.0,Weekend,Winter,2021,mild
43,2021-02-13,7.6,1.0,15.9,Weekend,Winter,2021,mild
44,2021-02-14,9.5,6.4,13.8,Weekend,Winter,2021,mild
45,2021-02-15,1.2,-5.2,8.2,Weekday,Winter,2021,mild
46,2021-02-16,-5.1,-7.0,-1.3,Weekday,Winter,2021,cold
47,2021-02-17,-8.3,-10.4,-5.2,Weekday,Winter,2021,cold
48,2021-02-18,-5.8,-10.6,-0.4,Weekday,Winter,2021,cold
49,2021-02-19,1.6,-7.1,8.9,Weekday,Winter,2021,mild
50,2021-02-20,8.8,5.5,14.9,Weekend,Winter,2021,mild
51,2021-02-21,10.8,4.7,17.4,Weekend,Winter,2021,mild
52,2021-02-22,7.8,0.4,12.6,Weekday,Winter,2021,mild
53,2021-02-23,0.0,-3.1,4.3,Weekday,Winter,2021,mild
54,2021-02-24,2.9,-3.0,10.1,Weekday,Winter,2021,mild
55,2021-02-25,4.2,0.7,8.2,Weekday,Winter,2021,mild
56,2021-02-26,8.2,0.5,15.8,Weekday,Winter,2021,mild
57,2021-02-27,9.5,4.3,16.2,Weekend,Winter,2021,mild
58,2021-02-28,7.8,3.2,10.8,Weekend,Winter,2021,mild
59,2021-03-01,4.7,0.5,9.0,Weekend,Spring,2021,mild
60,2021-03-02,2.3,0.2,6.9,Weekday,Spring,2021,mild
61,2021-03-03,4.4,-1.2,9.9,Weekday,Spring,2021,mild
62,2021-03-04,7.2,2.5,13.0,Weekday,Spring,2021,mild
63,2021-03-05,9.0,3.0,16.2,Weekday,Spring,2021,mild
64,2021-03-06,6.6,3.2,11.6,Weekend,Spring,2021,mild
65,2021-03-07,6.2,2.1,12.2,Weekend,Spring,2021,mild
66,2021-03-08,7.0,1.5,13.9,Weekday,Spring,2021,mild
67,2021-03-09,6.6,2.1,12.2,Weekday,Spring,2021,mild
68,2021-03-10,8.8,1.7,17.1,Weekday,Spring,2021,mild
69,2021-03-11,10.2,4.7,17.1,Weekday,Spring,2021,mild
70,2021-03-12,10.5,7.2,14.9,Weekday,Spring,2021,mild
71,2021-03-13,9.2,4.6,14.2,Weekend,Spring,2021,mild
72,2021-03-14,9.1,4.9,14.7,Weekend,Spring,2021,mild
73,2021-03-15,10.6,5.1,15.7,Weekday,Spring,2021,mild
74,2021-03-16,8.4,4.9,13.1,Weekday,Spring,2021,mild
75,2021-03-17,8.8,1.8,17.5,Weekday,Spring,2021,mild
76,2021-03-18,11.7,5.0,18.4,Weekday,Spring,2021,mild
77,2021-03-19,15.3,11.4,20.2,Weekday,Spring,2021,warm
78,2021-03-20,9.9,7.4,14.7,Weekend,Spring,2021,mild
79,2021-03-21,5.8,3.1,8.6,Weekend,Spring,2021,mild
80,2021-03-22,6.2,1.1,11.1,Weekday,Spring,2021,mild
81,2021-03-23,9.1,2.5,16.4,Weekday,Spring,2021,mild
82,2021-03-24,10.8,5.7,16.9,Weekday,Spring,2021,mild
83,2021-03-25,11.9,6.8,19.0,Weekday,Spring,2021,mild
84,2021-03-26,12.6,4.8,20.6,Weekday,Spring,2021,mild
85,2021-03-27,12.1,10.2,15.0,Weekend,Spring,2021,mild
86,2021-03-28,9.0,7.7,13.0,Weekend,Spring,2021,mild
87,2021-03-29,10.2,7.3,14.6,Weekday,Spring,2021,mild
88,2021-03-30,10.8,4.1,18.2,Weekday,Spring,2021,mild
89,2021-03-31,14.5,5.9,22.9,Weekday,Spring,2021,mild
90,2021-04-01,17.7,12.0,24.0,Weekday,Spring,2021,warm
91,2021-04-02,17.8,12.5,23.0,Weekday,Spring,2021,warm
92,2021-04-03,14.9,10.9,18.0,Weekend,Spring,2021,mild
93,2021-04-04,11.9,9.0,15.8,Weekend,Spring,2021,mild
94,2021-04-05,11.9,5.4,19.3,Weekday,Spring,2021,mild
95,2021-04-06,13.9,9.4,19.2,Weekday,Spring,2021,mild
96,2021-04-07,14.1,8.1,20.4,Weekday,Spring,2021,mild
97,2021-04-08,13.0,7.2,18.0,Weekday,Spring,2021,mild
98,2021-04-09,13.6,7.6,19.6,Weekday,Spring,2021,mild
99,2021-04-10,12.6,7.7,18.8,Weekend,Spring,2021,mild
100,2021-04-11,15.0,7.5,21.8,Weekend,Spring,2021,warm
101,2021-04-12,13.8,11.9,17.8,Weekday,Spring,2021,mild
102,2021-04-13,10.4,5.7,13.5,Weekday,Spring,2021,mild
103,2021-04-14,8.4,3.1,13.3,Weekday,Spring,2021,mild
104,2021-04-15,11.6,6.3,18.3,Weekday,Spring,2021,mild
105,2021-04-16,11.3,8.1,14.8,Weekday,Spring,2021,mild
106,2021-04-17,9.6,6.0,14.6,Weekend,Spring,2021,mild
107,2021-04-18,9.9,5.6,15.3,Weekend,Spring,2021,mild
108,2021-04-19,12.2,5.8,19.4,Weekday,Spring,2021,mild
109,2021-04-20,14.8,8.1,22.0,Weekday,Spring,2021,mild
110,2021-04-21,19.1,10.3,28.2,Weekday,Spring,2021,warm
111,2021-04-22,20.9,16.1,27.5,Weekday,Spring,2021,warm
112,2021-04-23,19.0,17.0,21.7,Weekday,Spring,2021,warm
113,2021-04-24,18.3,15.3,22.2,Weekend,Spring,2021,warm
114,2021-04-25,18.2,12.6,24.0,Weekend,Spring,2021,warm
115,2021-04-26,16.2,12.3,20.6,Weekday,Spring,2021,warm
116,2021-04-27,15.4,12.5,20.0,Weekday,Spring,2021,warm
117,2021-04-28,14.5,11.2,18.2,Weekday,Spring,2021,mild
118,2021-04-29,14.6,10.9,20.1,Weekday,Spring,2021,mild
119,2021-04-30,11.3,8.6,14.6,Weekday,Spring,2021,mild
120,2021-05-01,10.2,8.5,15.3,Weekend,Spring,2021,mild
121,2021-05-02,12.4,7.3,18.7,Weekend,Spring,2021,mild
122,2021-05-03,14.1,8.4,20.3,Weekday,Spring,2021,mild
123,2021-05-04,13.8,11.4,15.8,Weekday,Spring,2021,mild
124,2021-05-05,13.9,10.3,18.4,Weekend,Spring,2021,mild
125,2021-05-06,15.7,7.9,23.1,Weekday,Spring,2021,warm
126,2021-05-07,14.4,10.7,17.2,Weekday,Spring,2021,mild
127,2021-05-08,14.3,8.9,21.0,Weekend,Spring,2021,mild
128,2021-05-09,15.7,10.0,21.8,Weekend,Spring,2021,warm
129,2021-05-10,13.2,11.7,14.6,Weekday,Spring,2021,mild
130,2021-05-11,18.5,9.4,25.7,Weekday,Spring,2021,warm
131,2021-05-12,22.0,16.9,27.7,Weekday,Spring,2021,warm
132,2021-05-13,22.9,16.6,29.6,Weekday,Spring,2021,warm
133,2021-05-14,24.1,18.0,30.8,Weekday,Spring,2021,warm
134,2021-05-15,22.1,20.8,26.2,Weekend,Spring,2021,warm
135,2021-05-16,18.4,14.8,20.8,Weekend,Spring,2021,warm
136,2021-05-17,15.3,14.2,16.7,Weekday,Spring,2021,warm
137,2021-05-18,17.9,13.6,24.5,Weekday,Spring,2021,warm
138,2021-05-19,19.9,12.4,26.6,Weekend,Spring,2021,warm
139,2021-05-20,18.7,15.6,22.9,Weekday,Spring,2021,warm
140,2021-05-21,16.0,14.2,18.2,Weekday,Spring,2021,warm
141,2021-05-22,18.6,13.8,23.8,Weekend,Spring,2021,warm
142,2021-05-23,19.5,14.3,25.1,Weekend,Spring,2021,warm
143,2021-05-24,19.4,16.4,24.5,Weekday,Spring,2021,warm
144,2021-05-25,15.3,11.9,19.3,Weekday,Spring,2021,warm
145,2021-05-26,18.0,11.5,23.0,Weekday,Spring,2021,warm
146,2021-05-27,15.8,13.9,18.7,Weekday,Spring,2021,warm
147,2021-05-28,15.3,12.4,19.7,Weekday,Spring,2021,warm
148,2021-05-29,15.4,12.8,19.1,Weekend,Spring,2021,warm
149,2021-05-30,18.4,10.8,26.3,Weekend,Spring,2021,warm
150,2021-05-31,19.9,16.5,23.8,Weekday,Spring,2021,warm
151,2021-06-01,20.2,15.9,23.9,Weekday,Summer,2021,warm
152,2021-06-02,23.2,16.6,29.7,Weekday,Summer,2021,warm
153,2021-06-03,19.1,14.6,22.7,Weekday,Summer,2021,warm
154,2021-06-04,18.5,13.3,23.6,Weekday,Summer,2021,warm
155,2021-06-05,20.8,17.0,25.7,Weekend,Summer,2021,warm
156,2021-06-06,23.0,18.4,28.2,Weekend,Summer,2021,warm
157,2021-06-07,21.1,19.4,24.0,Weekday,Summer,2021,warm
158,2021-06-08,23.6,18.8,29.5,Weekday,Summer,2021,warm
159,2021-06-09,25.8,19.5,31.6,Weekday,Summer,2021,warm
160,2021-06-10,24.9,20.5,29.8,Weekday,Summer,2021,warm
161,2021-06-11,21.5,19.9,24.4,Weekday,Summer,2021,warm
162,2021-06-12,24.2,18.2,30.2,Weekend,Summer,2021,warm
163,2021-06-13,24.8,20.9,29.7,Weekend,Summer,2021,warm
164,2021-06-14,24.8,18.9,30.2,Weekday,Summer,2021,warm
165,2021-06-15,22.5,21.5,25.3,Weekday,Summer,2021,warm
166,2021-06-16,24.3,20.3,28.9,Weekday,Summer,2021,warm
167,2021-06-17,21.9,19.6,25.0,Weekday,Summer,2021,warm
168,2021-06-18,20.0,19.0,21.4,Weekday,Summer,2021,warm
169,2021-06-19,22.3,17.5,27.4,Weekend,Summer,2021,warm
170,2021-06-20,22.9,17.6,29.0,Weekend,Summer,2021,warm
171,2021-06-21,23.6,19.2,28.5,Weekday,Summer,2021,warm
172,2021-06-22,22.8,19.7,28.6,Weekday,Summer,2021,warm
173,2021-06-23,22.4,18.8,27.9,Weekday,Summer,2021,warm
174,2021-06-24,23.0,18.5,28.0,Weekday,Summer,2021,warm
175,2021-06-25,24.1,19.5,29.5,Weekday,Summer,2021,warm
176,2021-06-26,22.8,19.9,26.7,Weekend,Summer,2021,warm
177,2021-06-27,24.5,19.8,30.8,Weekend,Summer,2021,warm
178,2021-06-28,23.7,21.0,29.2,Weekday,Summer,2021,warm
179,2021-06-29,23.9,21.3,28.4,Weekday,Summer,2021,warm
180,2021-06-30,24.3,21.0,28.8,Weekday,Summer,2021,warm
181,2021-07-01,26.3,21.4,31.0,Weekday,Summer,2021,warm
182,2021-07-02,27.1,23.6,31.8,Weekday,Summer,2021,warm
183,2021-07-03,22.6,19.6,25.7,Weekend,Summer,2021,warm
184,2021-07-04,21.4,19.8,23.1,Weekend,Summer,2021,warm
185,2021-07-05,23.3,20.1,26.9,Weekday,Summer,2021,warm
186,2021-07-06,25.3,21.0,30.1,Weekday,Summer,2021,warm
187,2021-07-07,26.4,23.9,29.1,Weekday,Summer,2021,warm
188,2021-07-08,26.0,23.8,29.8,Weekday,Summer,2021,warm
189,2021-07-09,25.5,23.6,29.2,Weekday,Summer,2021,warm
190,2021-07-10,25.9,23.1,29.2,Weekend,Summer,2021,warm
191,2021-07-11,25.7,24.1,27.5,Weekend,Summer,2021,warm
192,2021-07-12,28.1,23.8,32.5,Weekday,Summer,2021,warm
193,2021-07-13,28.8,26.3,31.5,Weekday,Summer,2021,warm
194,2021-07-14,29.7,26.1,33.5,Weekday,Summer,2021,warm
195,2021-07-15,29.1,25.9,34.5,Weekday,Summer,2021,warm
196,2021-07-16,28.8,24.2,35.2,Weekday,Summer,2021,warm
197,2021-07-17,29.1,24.7,32.8,Weekend,Summer,2021,warm
198,2021-07-18,29.6,25.7,34.1,Weekend,Summer,2021,warm
199,2021-07-19,26.4,24.0,30.5,Weekday,Summer,2021,warm
200,2021-07-20,27.9,23.6,31.8,Weekday,Summer,2021,warm
201,2021-07-21,30.5,25.3,35.3,Weekday,Summer,2021,hot
202,2021-07-22,31.2,26.5,35.9,Weekday,Summer,2021,hot
203,2021-07-23,31.2,27.2,35.8,Weekday,Summer,2021,hot
204,2021-07-24,31.7,26.9,36.5,Weekend,Summer,2021,hot
205,2021-07-25,31.5,27.2,35.9,Weekend,Summer,2021,hot
206,2021-07-26,31.2,27.4,35.4,Weekday,Summer,2021,hot
207,2021-07-27,31.1,27.8,35.7,Weekday,Summer,2021,hot
208,2021-07-28,30.4,27.1,34.7,Weekday,Summer,2021,hot
209,2021-07-29,29.6,27.0,33.3,Weekday,Summer,2021,warm
210,2021-07-30,30.5,25.8,35.4,Weekday,Summer,2021,hot
211,2021-07-31,29.8,26.8,34.3,Weekend,Summer,2021,warm
212,2021-08-01,27.1,25.1,28.8,Weekend,Summer,2021,warm
213,2021-08-02,26.5,25.0,28.6,Weekday,Summer,2021,warm
214,2021-08-03,28.0,24.1,31.4,Weekday,Summer,2021,warm
215,2021-08-04,28.9,26.3,33.2,Weekday,Summer,2021,warm
216,2021-08-05,29.4,25.6,33.7,Weekday,Summer,2021,warm
217,2021-08-06,28.1,26.0,32.2,Weekday,Summer,2021,warm
218,2021-08-07,28.0,23.4,32.3,Weekend,Summer,2021,warm
219,2021-08-08,26.8,24.4,32.1,Weekend,Summer,2021,warm
220,2021-08-09,28.3,23.3,33.6,Weekday,Summer,2021,warm
221,2021-08-10,27.7,24.3,32.2,Weekday,Summer,2021,warm
222,2021-08-11,27.4,24.1,31.6,Weekday,Summer,2021,warm
223,2021-08-12,26.8,24.0,31.7,Weekday,Summer,2021,warm
224,2021-08-13,26.6,23.4,30.1,Weekday,Summer,2021,warm
225,2021-08-14,26.1,23.4,30.5,Weekend,Summer,2021,warm
226,2021-08-15,26.9,21.7,32.4,Weekend,Summer,2021,warm
227,2021-08-16,27.3,22.5,32.8,Weekday,Summer,2021,warm
228,2021-08-17,25.9,21.9,31.3,Weekday,Summer,2021,warm
229,2021-08-18,24.3,20.6,31.0,Weekday,Summer,2021,warm
230,2021-08-19,26.0,21.0,31.5,Weekday,Summer,2021,warm
231,2021-08-20,26.6,22.6,30.7,Weekday,Summer,2021,warm
232,2021-08-21,23.8,21.0,25.5,Weekend,Summer,2021,warm
233,2021-08-22,24.4,22.4,27.0,Weekend,Summer,2021,warm
234,2021-08-23,22.4,21.0,24.0,Weekday,Summer,2021,warm
235,2021-08-24,23.4,21.1,26.4,Weekday,Summer,2021,warm
236,2021-08-25,25.0,23.5,27.3,Weekday,Summer,2021,warm
237,2021-08-26,25.5,22.9,27.9,Weekday,Summer,2021,warm
238,2021-08-27,22.4,20.4,25.5,Weekday,Summer,2021,warm
239,2021-08-28,23.6,19.7,28.2,Weekend,Summer,2021,warm
240,2021-08-29,23.7,21.9,26.3,Weekend,Summer,2021,warm
241,2021-08-30,24.2,21.2,27.7,Weekday,Summer,2021,warm
242,2021-08-31,20.5,18.1,23.1,Weekday,Summer,2021,warm
243,2021-09-01,21.4,18.5,23.9,Weekday,Fall,2021,warm
244,2021-09-02,23.5,20.7,26.7,Weekday,Fall,2021,warm
245,2021-09-03,24.3,20.6,29.2,Weekday,Fall,2021,warm
246,2021-09-04,23.2,18.5,28.6,Weekend,Fall,2021,warm
247,2021-09-05,23.1,19.4,27.3,Weekend,Fall,2021,warm
248,2021-09-06,22.3,18.0,26.4,Weekday,Fall,2021,warm
249,2021-09-07,19.6,17.6,20.9,Weekday,Fall,2021,warm
250,2021-09-08,22.2,19.0,26.9,Weekday,Fall,2021,warm
251,2021-09-09,23.5,19.1,29.1,Weekday,Fall,2021,warm
252,2021-09-10,23.6,19.5,28.9,Weekday,Fall,2021,warm
253,2021-09-11,24.0,19.9,29.4,Weekend,Fall,2021,warm
254,2021-09-12,24.2,19.2,29.8,Weekend,Fall,2021,warm
255,2021-09-13,24.8,20.8,30.3,Weekday,Fall,2021,warm
256,2021-09-14,24.6,20.0,29.5,Weekday,Fall,2021,warm
257,2021-09-15,23.6,19.5,28.9,Weekday,Fall,2021,warm
258,2021-09-16,22.9,18.0,27.3,Weekday,Fall,2021,warm
259,2021-09-17,23.5,20.5,28.2,Weekday,Fall,2021,warm
260,2021-09-18,23.9,18.9,29.8,Weekend,Fall,2021,warm
261,2021-09-19,23.7,20.8,27.8,Weekend,Fall,2021,warm
262,2021-09-20,23.7,19.0,28.4,Weekday,Fall,2021,warm
263,2021-09-21,22.0,17.4,26.2,Weekend,Fall,2021,warm
264,2021-09-22,20.2,16.8,24.3,Weekend,Fall,2021,warm
265,2021-09-23,20.9,16.9,25.9,Weekday,Fall,2021,warm
266,2021-09-24,21.8,16.7,26.9,Weekday,Fall,2021,warm
267,2021-09-25,21.2,18.7,23.1,Weekend,Fall,2021,warm
268,2021-09-26,22.6,18.4,27.3,Weekend,Fall,2021,warm
269,2021-09-27,21.6,18.7,25.0,Weekday,Fall,2021,warm
270,2021-09-28,21.5,19.6,24.4,Weekday,Fall,2021,warm
271,2021-09-29,20.2,17.8,21.4,Weekday,Fall,2021,warm
272,2021-09-30,20.3,16.0,25.9,Weekday,Fall,2021,warm
273,2021-10-01,21.1,16.9,27.5,Weekday,Fall,2021,warm
274,2021-10-02,20.7,16.4,26.6,Weekend,Fall,2021,warm
275,2021-10-03,22.3,17.1,28.8,Weekend,Fall,2021,warm
276,2021-10-04,22.9,19.2,25.6,Weekend,Fall,2021,warm
277,2021-10-05,23.6,21.7,26.5,Weekday,Fall,2021,warm
278,2021-10-06,18.8,17.9,21.7,Weekday,Fall,2021,warm
279,2021-10-07,19.4,17.9,21.9,Weekday,Fall,2021,warm
280,2021-10-08,18.8,17.5,20.0,Weekday,Fall,2021,warm
281,2021-10-09,20.9,18.5,24.1,Weekend,Fall,2021,warm
282,2021-10-10,19.9,14.9,24.3,Weekend,Fall,2021,warm
283,2021-10-11,15.2,12.6,17.8,Weekend,Fall,2021,warm
284,2021-10-12,17.9,15.8,21.3,Weekday,Fall,2021,warm
285,2021-10-13,19.6,14.9,25.2,Weekday,Fall,2021,warm
286,2021-10-14,19.7,17.4,23.9,Weekday,Fall,2021,warm
287,2021-10-15,19.0,17.0,21.4,Weekday,Fall,2021,warm
288,2021-10-16,10.7,4.2,18.1,Weekend,Fall,2021,mild
289,2021-10-17,5.6,1.3,10.8,Weekend,Fall,2021,mild
290,2021-10-18,9.6,2.8,16.1,Weekday,Fall,2021,mild
291,2021-10-19,10.9,7.1,15.0,Weekday,Fall,2021,mild
292,2021-10-20,9.5,4.6,15.8,Weekday,Fall,2021,mild
293,2021-10-21,9.8,4.9,16.2,Weekday,Fall,2021,mild
294,2021-10-22,10.8,5.2,17.2,Weekday,Fall,2021,mild
295,2021-10-23,11.4,5.7,18.4,Weekend,Fall,2021,mild
296,2021-10-24,11.4,6.0,18.1,Weekend,Fall,2021,mild
297,2021-10-25,11.7,6.3,17.6,Weekday,Fall,2021,mild
298,2021-10-26,13.0,7.7,19.0,Weekday,Fall,2021,mild
299,2021-10-27,13.4,9.8,18.1,Weekday,Fall,2021,mild
300,2021-10-28,12.7,7.1,20.0,Weekday,Fall,2021,mild
301,2021-10-29,14.6,10.5,20.6,Weekday,Fall,2021,mild
302,2021-10-30,13.8,11.0,18.0,Weekend,Fall,2021,mild
303,2021-10-31,14.1,9.2,20.3,Weekend,Fall,2021,mild
304,2021-11-01,12.9,10.3,16.9,Weekday,Fall,2021,mild
305,2021-11-02,11.5,7.9,16.9,Weekday,Fall,2021,mild
306,2021-11-03,12.1,7.6,17.1,Weekday,Fall,2021,mild
307,2021-11-04,12.1,8.4,16.3,Weekday,Fall,2021,mild
308,2021-11-05,13.0,7.8,20.2,Weekday,Fall,2021,mild
309,2021-11-06,14.1,8.8,21.3,Weekend,Fall,2021,mild
310,2021-11-07,15.3,9.7,21.3,Weekend,Fall,2021,warm
311,2021-11-08,8.6,4.5,15.5,Weekday,Fall,2021,mild
312,2021-11-09,4.9,3.0,6.5,Weekday,Fall,2021,mild
313,2021-11-10,4.2,0.7,7.7,Weekday,Fall,2021,mild
314,2021-11-11,5.3,2.1,9.7,Weekday,Fall,2021,mild
315,2021-11-12,4.5,1.3,8.6,Weekday,Fall,2021,mild
316,2021-11-13,7.3,0.5,13.4,Weekend,Fall,2021,mild
317,2021-11-14,11.3,7.8,16.4,Weekend,Fall,2021,mild
318,2021-11-15,10.1,5.8,15.7,Weekday,Fall,2021,mild
319,2021-11-16,8.5,4.4,13.6,Weekday,Fall,2021,mild
320,2021-11-17,7.5,2.7,12.5,Weekday,Fall,2021,mild
321,2021-11-18,11.9,7.7,16.2,Weekday,Fall,2021,mild
322,2021-11-19,12.9,10.2,16.7,Weekday,Fall,2021,mild
323,2021-11-20,10.4,6.8,15.6,Weekend,Fall,2021,mild
324,2021-11-21,10.4,7.6,13.1,Weekend,Fall,2021,mild
325,2021-11-22,2.7,-0.6,7.5,Weekday,Fall,2021,mild
326,2021-11-23,-0.6,-3.7,2.3,Weekday,Fall,2021,cold
327,2021-11-24,4.1,-2.6,9.1,Weekday,Fall,2021,mild
328,2021-11-25,5.7,2.6,9.9,Weekday,Fall,2021,mild
329,2021-11-26,2.9,-0.5,7.2,Weekday,Fall,2021,mild
330,2021-11-27,3.4,-1.4,10.1,Weekend,Fall,2021,mild
331,2021-11-28,5.1,-1.3,12.4,Weekend,Fall,2021,mild
332,2021-11-29,7.6,2.5,13.7,Weekday,Fall,2021,mild
333,2021-11-30,5.7,0.7,8.9,Weekday,Fall,2021,mild
334,2021-12-01,-1.3,-3.0,1.5,Weekday,Winter,2021,cold
335,2021-12-02,1.3,-4.6,5.0,Weekday,Winter,2021,mild
336,2021-12-03,1.9,-1.8,4.6,Weekday,Winter,2021,mild
337,2021-12-04,1.4,-2.7,7.0,Weekend,Winter,2021,mild
338,2021-12-05,2.9,-2.3,9.6,Weekend,Winter,2021,mild
339,2021-12-06,5.4,-0.7,12.1,Weekday,Winter,2021,mild
340,2021-12-07,6.8,2.6,13.3,Weekday,Winter,2021,mild
341,2021-12-08,6.7,1.9,13.3,Weekday,Winter,2021,mild
342,2021-12-09,6.5,2.7,9.7,Weekday,Winter,2021,mild
343,2021-12-10,7.0,5.8,8.2,Weekday,Winter,2021,mild
344,2021-12-11,6.0,4.4,9.8,Weekend,Winter,2021,mild
345,2021-12-12,1.2,-3.8,5.1,Weekend,Winter,2021,mild
346,2021-12-13,-2.2,-5.9,1.9,Weekday,Winter,2021,cold
347,2021-12-14,3.7,-0.7,8.2,Weekday,Winter,2021,mild
348,2021-12-15,7.2,5.4,10.0,Weekday,Winter,2021,mild
349,2021-12-16,6.4,3.3,9.8,Weekday,Winter,2021,mild
350,2021-12-17,-5.6,-10.1,3.2,Weekday,Winter,2021,cold
351,2021-12-18,-5.7,-11.2,-1.8,Weekend,Winter,2021,cold
352,2021-12-19,-0.8,-5.8,4.2,Weekend,Winter,2021,cold
353,2021-12-20,5.2,-0.9,11.1,Weekday,Winter,2021,mild
354,2021-12-21,5.2,0.8,8.9,Weekday,Winter,2021,mild
355,2021-12-22,2.2,-2.6,8.2,Weekday,Winter,2021,mild
356,2021-12-23,2.7,-1.5,8.3,Weekday,Winter,2021,mild
357,2021-12-24,-0.3,-7.3,3.2,Weekday,Winter,2021,cold
358,2021-12-25,-11.7,-14.4,-7.3,Weekend,Winter,2021,very_cold
359,2021-12-26,-12.1,-15.5,-7.3,Weekend,Winter,2021,very_cold
360,2021-12-27,-7.6,-12.9,-3.9,Weekday,Winter,2021,cold
361,2021-12-28,-4.1,-8.5,-0.9,Weekday,Winter,2021,cold
362,2021-12-29,0.4,-3.8,5.9,Weekday,Winter,2021,mild
363,2021-12-30,-3.9,-6.8,0.2,Weekday,Winter,2021,cold
364,2021-12-31,-6.7,-8.8,-3.9,Weekday,Winter,2021,cold
365,2022-01-01,-4.3,-10.2,2.3,Weekend,Winter,2022,cold
366,2022-01-02,-1.3,-5.2,3.0,Weekend,Winter,2022,cold
367,2022-01-03,-1.9,-8.0,2.5,Weekday,Winter,2022,cold
368,2022-01-04,-2.5,-5.6,1.0,Weekday,Winter,2022,cold
369,2022-01-05,-2.8,-7.8,1.9,Weekday,Winter,2022,cold
370,2022-01-06,-2.2,-5.9,3.3,Weekday,Winter,2022,cold
371,2022-01-07,-1.6,-5.9,4.5,Weekday,Winter,2022,cold
372,2022-01-08,0.3,-5.0,3.7,Weekend,Winter,2022,mild
373,2022-01-09,1.3,-1.2,5.6,Weekend,Winter,2022,mild
374,2022-01-10,0.5,-3.4,4.4,Weekday,Winter,2022,mild
375,2022-01-11,-7.4,-10.3,0.3,Weekday,Winter,2022,cold
376,2022-01-12,-7.7,-11.3,-3.4,Weekday,Winter,2022,cold
377,2022-01-13,-6.4,-8.9,-3.1,Weekday,Winter,2022,cold
378,2022-01-14,-4.8,-10.1,1.3,Weekday,Winter,2022,cold
379,2022-01-15,-1.0,-5.3,1.8,Weekend,Winter,2022,cold
380,2022-01-16,-2.0,-7.2,2.4,Weekend,Winter,2022,cold
381,2022-01-17,-5.8,-9.2,0.1,Weekday,Winter,2022,cold
382,2022-01-18,-5.6,-9.9,-0.7,Weekday,Winter,2022,cold
383,2022-01-19,-5.3,-7.7,-2.7,Weekday,Winter,2022,cold
384,2022-01-20,-5.0,-9.8,0.9,Weekday,Winter,2022,cold
385,2022-01-21,-2.7,-8.7,4.6,Weekday,Winter,2022,cold
386,2022-01-22,0.3,-5.0,7.1,Weekend,Winter,2022,mild
387,2022-01-23,2.0,-0.6,6.7,Weekend,Winter,2022,mild
388,2022-01-24,4.6,1.3,8.4,Weekday,Winter,2022,mild
389,2022-01-25,2.8,1.9,4.5,Weekday,Winter,2022,mild
390,2022-01-26,1.3,-1.9,6.8,Weekday,Winter,2022,mild
391,2022-01-27,-1.1,-4.6,4.0,Weekday,Winter,2022,cold
392,2022-01-28,-2.7,-5.9,2.1,Weekday,Winter,2022,cold
393,2022-01-29,-3.6,-7.2,0.9,Weekend,Winter,2022,cold
394,2022-01-30,-2.8,-8.0,2.4,Weekend,Winter,2022,cold
395,2022-01-31,-0.7,-6.8,4.8,Weekend,Winter,2022,cold
396,2022-02-01,-1.3,-2.7,0.9,Weekend,Winter,2022,cold
397,2022-02-02,-3.4,-6.0,0.0,Weekend,Winter,2022,cold
398,2022-02-03,-3.4,-6.9,0.4,Weekday,Winter,2022,cold
399,2022-02-04,-5.2,-8.2,-0.7,Weekday,Winter,2022,cold
400,2022-02-05,-6.6,-9.7,-2.0,Weekend,Winter,2022,cold
401,2022-02-06,-3.9,-8.4,1.7,Weekend,Winter,2022,cold
402,2022-02-07,-2.5,-7.3,1.9,Weekday,Winter,2022,cold
403,2022-02-08,-0.1,-4.1,5.6,Weekday,Winter,2022,cold
404,2022-02-09,1.0,-4.3,7.2,Weekday,Winter,2022,mild
405,2022-02-10,1.4,-3.2,6.7,Weekday,Winter,2022,mild
406,2022-02-11,2.9,-2.6,8.8,Weekday,Winter,2022,mild
407,2022-02-12,4.8,-0.1,10.4,Weekend,Winter,2022,mild
408,2022-02-13,4.8,1.6,9.5,Weekend,Winter,2022,mild
409,2022-02-14,2.5,-1.3,8.1,Weekday,Winter,2022,mild
410,2022-02-15,-4.7,-7.7,-1.3,Weekday,Winter,2022,cold
411,2022-02-16,-7.3,-9.6,-4.1,Weekday,Winter,2022,cold
412,2022-02-17,-6.2,-10.7,-0.5,Weekday,Winter,2022,cold
413,2022-02-18,-1.2,-8.0,5.7,Weekday,Winter,2022,cold
414,2022-02-19,-1.7,-6.2,3.7,Weekend,Winter,2022,cold
415,2022-02-20,-4.8,-8.4,-0.5,Weekend,Winter,2022,cold
416,2022-02-21,-3.0,-8.1,3.6,Weekday,Winter,2022,cold
417,2022-02-22,-4.5,-8.0,0.5,Weekday,Winter,2022,cold
418,2022-02-23,-5.6,-10.0,-0.6,Weekday,Winter,2022,cold
419,2022-02-24,-2.4,-8.5,3.7,Weekday,Winter,2022,cold
420,2022-02-25,3.0,-3.6,8.4,Weekday,Winter,2022,mild
421,2022-02-26,5.4,1.0,9.3,Weekend,Winter,2022,mild
422,2022-02-27,3.7,-1.6,9.1,Weekend,Winter,2022,mild
423,2022-02-28,6.8,2.7,11.5,Weekday,Winter,2022,mild
424,2022-03-01,5.8,0.3,9.7,Weekend,Spring,2022,mild
425,2022-03-02,3.5,-2.3,8.8,Weekday,Spring,2022,mild
426,2022-03-03,5.8,0.9,12.4,Weekday,Spring,2022,mild
427,2022-03-04,6.9,0.6,14.6,Weekday,Spring,2022,mild
428,2022-03-05,2.3,-0.7,6.7,Weekend,Spring,2022,mild
429,2022-03-06,1.4,-3.0,6.8,Weekend,Spring,2022,mild
430,2022-03-07,2.8,-2.7,8.7,Weekday,Spring,2022,mild
431,2022-03-08,6.0,1.1,12.3,Weekday,Spring,2022,mild
432,2022-03-09,7.1,1.7,14.8,Weekend,Spring,2022,mild
433,2022-03-10,9.3,4.2,15.8,Weekday,Spring,2022,mild
434,2022-03-11,11.2,5.1,18.4,Weekday,Spring,2022,mild
435,2022-03-12,12.8,6.3,19.5,Weekend,Spring,2022,mild
436,2022-03-13,11.7,10.7,12.6,Weekend,Spring,2022,mild
437,2022-03-14,8.2,4.9,13.2,Weekday,Spring,2022,mild
438,2022-03-15,7.2,2.3,13.3,Weekday,Spring,2022,mild
439,2022-03-16,10.3,3.6,16.8,Weekday,Spring,2022,mild
440,2022-03-17,10.7,7.8,15.1,Weekday,Spring,2022,mild
441,2022-03-18,7.5,5.5,9.6,Weekday,Spring,2022,mild
442,2022-03-19,3.4,0.9,6.1,Weekend,Spring,2022,mild
443,2022-03-20,5.4,2.2,9.3,Weekend,Spring,2022,mild
444,2022-03-21,5.0,-0.3,10.9,Weekday,Spring,2022,mild
445,2022-03-22,7.1,1.1,13.6,Weekday,Spring,2022,mild
446,2022-03-23,6.2,4.9,8.2,Weekday,Spring,2022,mild
447,2022-03-24,8.2,3.9,12.4,Weekday,Spring,2022,mild
448,2022-03-25,12.0,6.3,17.2,Weekday,Spring,2022,mild
449,2022-03-26,11.8,9.5,14.7,Weekend,Spring,2022,mild
450,2022-03-27,8.1,5.0,12.6,Weekend,Spring,2022,mild
451,2022-03-28,8.2,1.5,15.1,Weekday,Spring,2022,mild
452,2022-03-29,9.7,3.3,15.6,Weekday,Spring,2022,mild
453,2022-03-30,10.8,5.9,15.7,Weekday,Spring,2022,mild
454,2022-03-31,10.9,7.6,14.7,Weekday,Spring,2022,mild
455,2022-04-01,9.2,4.5,14.9,Weekday,Spring,2022,mild
456,2022-04-02,8.2,3.7,14.2,Weekend,Spring,2022,mild
457,2022-04-03,9.6,3.5,17.0,Weekend,Spring,2022,mild
458,2022-04-04,10.3,5.1,16.4,Weekday,Spring,2022,mild
459,2022-04-05,10.3,4.9,15.8,Weekday,Spring,2022,mild
460,2022-04-06,11.7,8.0,17.0,Weekday,Spring,2022,mild
461,2022-04-07,10.9,7.4,15.7,Weekday,Spring,2022,mild
462,2022-04-08,12.9,5.1,20.0,Weekday,Spring,2022,mild
463,2022-04-09,17.8,12.4,24.2,Weekend,Spring,2022,warm
464,2022-04-10,18.2,12.7,25.1,Weekend,Spring,2022,warm
465,2022-04-11,19.6,13.4,26.6,Weekday,Spring,2022,warm
466,2022-04-12,19.3,15.9,26.4,Weekday,Spring,2022,warm
467,2022-04-13,13.1,12.0,15.9,Weekday,Spring,2022,mild
468,2022-04-14,13.2,11.4,15.3,Weekday,Spring,2022,mild
469,2022-04-15,13.3,7.5,19.3,Weekday,Spring,2022,mild
470,2022-04-16,13.2,7.1,20.2,Weekend,Spring,2022,mild
471,2022-04-17,14.0,7.2,21.9,Weekend,Spring,2022,mild
472,2022-04-18,15.2,11.4,21.6,Weekday,Spring,2022,warm
473,2022-04-19,15.2,8.9,22.1,Weekday,Spring,2022,warm
474,2022-04-20,15.7,9.7,22.1,Weekday,Spring,2022,warm
475,2022-04-21,16.3,9.6,22.7,Weekday,Spring,2022,warm
476,2022-04-22,15.0,13.2,16.8,Weekday,Spring,2022,warm
477,2022-04-23,17.7,10.4,25.3,Weekend,Spring,2022,warm
478,2022-04-24,18.5,15.0,24.5,Weekend,Spring,2022,warm
479,2022-04-25,20.0,17.0,23.6,Weekday,Spring,2022,warm
480,2022-04-26,21.9,17.0,28.7,Weekday,Spring,2022,warm
481,2022-04-27,17.7,12.6,23.9,Weekday,Spring,2022,warm
482,2022-04-28,18.2,11.6,25.9,Weekday,Spring,2022,warm
483,2022-04-29,13.4,10.7,16.5,Weekday,Spring,2022,mild
484,2022-04-30,13.0,10.5,17.8,Weekend,Spring,2022,mild
485,2022-05-01,13.4,7.9,19.2,Weekend,Spring,2022,mild
486,2022-05-02,14.2,9.1,19.4,Weekday,Spring,2022,mild
487,2022-05-03,14.8,9.1,20.8,Weekday,Spring,2022,mild
488,2022-05-04,17.8,10.0,25.2,Weekday,Spring,2022,warm
489,2022-05-05,18.9,12.5,25.8,Weekend,Spring,2022,warm
490,2022-05-06,19.6,13.7,25.6,Weekday,Spring,2022,warm
491,2022-05-07,18.4,15.3,23.1,Weekend,Spring,2022,warm
492,2022-05-08,15.3,11.7,18.2,Weekend,Spring,2022,warm
493,2022-05-09,17.9,11.0,25.3,Weekday,Spring,2022,warm
494,2022-05-10,19.9,13.6,26.3,Weekday,Spring,2022,warm
495,2022-05-11,19.7,16.6,25.2,Weekday,Spring,2022,warm
496,2022-05-12,20.9,14.1,28.1,Weekday,Spring,2022,warm
497,2022-05-13,19.4,15.0,25.2,Weekday,Spring,2022,warm
498,2022-05-14,15.7,11.9,20.0,Weekend,Spring,2022,warm
499,2022-05-15,16.2,10.5,22.4,Weekend,Spring,2022,warm
500,2022-05-16,17.3,10.9,23.7,Weekday,Spring,2022,warm
501,2022-05-17,20.0,13.0,27.4,Weekday,Spring,2022,warm
502,2022-05-18,20.0,15.7,25.4,Weekday,Spring,2022,warm
503,2022-05-19,19.9,16.1,24.2,Weekday,Spring,2022,warm
504,2022-05-20,20.6,15.6,25.8,Weekday,Spring,2022,warm
505,2022-05-21,20.1,16.1,26.0,Weekend,Spring,2022,warm
506,2022-05-22,20.3,15.7,25.8,Weekend,Spring,2022,warm
507,2022-05-23,23.0,17.8,30.7,Weekday,Spring,2022,warm
508,2022-05-24,22.9,16.7,30.2,Weekday,Spring,2022,warm
509,2022-05-25,21.0,16.7,26.7,Weekday,Spring,2022,warm
510,2022-05-26,18.7,14.1,23.5,Weekday,Spring,2022,warm
511,2022-05-27,20.0,16.0,25.6,Weekday,Spring,2022,warm
512,2022-05-28,22.3,15.0,29.3,Weekend,Spring,2022,warm
513,2022-05-29,23.1,19.3,29.7,Weekend,Spring,2022,warm
514,2022-05-30,20.8,17.2,24.7,Weekday,Spring,2022,warm
515,2022-05-31,20.7,14.2,27.2,Weekday,Spring,2022,warm
516,2022-06-01,22.1,16.2,28.6,Weekday,Summer,2022,warm
517,2022-06-02,21.5,17.1,26.9,Weekday,Summer,2022,warm
518,2022-06-03,24.5,18.7,32.6,Weekday,Summer,2022,warm
519,2022-06-04,25.6,20.3,29.7,Weekend,Summer,2022,warm
520,2022-06-05,22.7,20.2,27.0,Weekend,Summer,2022,warm
521,2022-06-06,19.7,16.7,24.5,Weekend,Summer,2022,warm
522,2022-06-07,20.6,15.1,25.1,Weekday,Summer,2022,warm
523,2022-06-08,21.2,16.2,25.8,Weekday,Summer,2022,warm
524,2022-06-09,20.9,18.5,24.5,Weekday,Summer,2022,warm
525,2022-06-10,20.9,17.2,26.6,Weekday,Summer,2022,warm
526,2022-06-11,24.6,17.7,32.7,Weekend,Summer,2022,warm
527,2022-06-12,24.6,18.9,31.5,Weekend,Summer,2022,warm
528,2022-06-13,23.6,19.6,29.2,Weekday,Summer,2022,warm
529,2022-06-14,21.5,17.7,27.1,Weekday,Summer,2022,warm
530,2022-06-15,17.5,14.9,20.1,Weekday,Summer,2022,warm
531,2022-06-16,20.3,17.6,24.8,Weekday,Summer,2022,warm
532,2022-06-17,22.5,16.5,28.1,Weekday,Summer,2022,warm
533,2022-06-18,23.3,22.0,25.1,Weekend,Summer,2022,warm
534,2022-06-19,23.4,22.3,25.1,Weekend,Summer,2022,warm
535,2022-06-20,25.2,22.0,29.0,Weekday,Summer,2022,warm
536,2022-06-21,26.5,21.2,32.6,Weekday,Summer,2022,warm
537,2022-06-22,25.9,21.9,31.0,Weekday,Summer,2022,warm
538,2022-06-23,24.3,23.3,26.4,Weekday,Summer,2022,warm
539,2022-06-24,22.6,20.6,24.9,Weekday,Summer,2022,warm
540,2022-06-25,26.0,21.5,30.5,Weekend,Summer,2022,warm
541,2022-06-26,26.5,24.8,28.1,Weekend,Summer,2022,warm
542,2022-06-27,26.8,25.4,28.1,Weekday,Summer,2022,warm
543,2022-06-28,26.9,25.7,27.9,Weekday,Summer,2022,warm
544,2022-06-29,25.1,24.4,26.1,Weekday,Summer,2022,warm
545,2022-06-30,22.3,21.2,24.5,Weekday,Summer,2022,warm
546,2022-07-01,26.6,21.9,30.9,Weekday,Summer,2022,warm
547,2022-07-02,28.8,24.0,33.8,Weekend,Summer,2022,warm
548,2022-07-03,29.3,24.4,34.2,Weekend,Summer,2022,warm
549,2022-07-04,29.3,26.4,32.6,Weekday,Summer,2022,warm
550,2022-07-05,29.2,26.7,33.1,Weekday,Summer,2022,warm
551,2022-07-06,29.5,26.2,33.3,Weekday,Summer,2022,warm
552,2022-07-07,28.2,26.4,31.0,Weekday,Summer,2022,warm
553,2022-07-08,25.8,24.0,27.9,Weekday,Summer,2022,warm
554,2022-07-09,26.9,24.0,30.9,Weekend,Summer,2022,warm
555,2022-07-10,29.2,24.6,35.1,Weekend,Summer,2022,warm
556,2022-07-11,27.0,24.7,30.6,Weekday,Summer,2022,warm
557,2022-07-12,26.8,23.2,29.4,Weekday,Summer,2022,warm
558,2022-07-13,25.0,24.0,27.1,Weekday,Summer,2022,warm
559,2022-07-14,25.7,23.3,29.9,Weekday,Summer,2022,warm
560,2022-07-15,26.0,23.0,30.3,Weekday,Summer,2022,warm
561,2022-07-16,24.8,23.2,28.2,Weekend,Summer,2022,warm
562,2022-07-17,25.5,22.5,29.7,Weekend,Summer,2022,warm
563,2022-07-18,26.8,23.1,30.1,Weekday,Summer,2022,warm
564,2022-07-19,27.4,24.3,31.1,Weekday,Summer,2022,warm
565,2022-07-20,27.1,24.3,30.4,Weekday,Summer,2022,warm
566,2022-07-21,23.2,20.8,25.2,Weekday,Summer,2022,warm
567,2022-07-22,25.1,22.9,27.5,Weekday,Summer,2022,warm
568,2022-07-23,24.8,22.3,28.0,Weekend,Summer,2022,warm
569,2022-07-24,25.0,22.0,28.4,Weekend,Summer,2022,warm
570,2022-07-25,27.5,23.6,32.0,Weekday,Summer,2022,warm
571,2022-07-26,28.9,24.4,33.1,Weekday,Summer,2022,warm
572,2022-07-27,29.3,26.4,33.4,Weekday,Summer,2022,warm
573,2022-07-28,29.7,25.1,34.4,Weekday,Summer,2022,warm
574,2022-07-29,30.7,27.3,34.3,Weekday,Summer,2022,hot
575,2022-07-30,30.9,27.3,36.1,Weekend,Summer,2022,hot
576,2022-07-31,27.2,25.4,29.0,Weekend,Summer,2022,warm
577,2022-08-01,28.6,25.4,32.4,Weekday,Summer,2022,warm
578,2022-08-02,26.8,25.5,28.5,Weekday,Summer,2022,warm
579,2022-08-03,27.1,25.2,30.0,Weekday,Summer,2022,warm
580,2022-08-04,28.9,26.0,32.9,Weekday,Summer,2022,warm
581,2022-08-05,29.4,27.0,32.7,Weekday,Summer,2022,warm
582,2022-08-06,28.7,27.4,30.3,Weekend,Summer,2022,warm
583,2022-08-07,28.9,27.2,31.7,Weekend,Summer,2022,warm
584,2022-08-08,26.8,25.2,28.4,Weekday,Summer,2022,warm
585,2022-08-09,25.1,22.0,26.5,Weekday,Summer,2022,warm
586,2022-08-10,24.7,21.4,28.8,Weekday,Summer,2022,warm
587,2022-08-11,25.0,23.4,27.5,Weekday,Summer,2022,warm
588,2022-08-12,27.0,23.0,32.4,Weekday,Summer,2022,warm
589,2022-08-13,25.8,24.7,27.5,Weekend,Summer,2022,warm
590,2022-08-14,27.6,24.5,31.5,Weekend,Summer,2022,warm
591,2022-08-15,28.1,26.6,29.8,Weekday,Summer,2022,warm
592,2022-08-16,26.7,24.1,30.0,Weekday,Summer,2022,warm
593,2022-08-17,26.0,22.8,30.5,Weekday,Summer,2022,warm
594,2022-08-18,25.6,22.4,29.8,Weekday,Summer,2022,warm
595,2022-08-19,26.0,23.3,27.5,Weekday,Summer,2022,warm
596,2022-08-20,28.2,25.7,32.0,Weekend,Summer,2022,warm
597,2022-08-21,28.1,24.7,32.0,Weekend,Summer,2022,warm
598,2022-08-22,26.8,22.9,30.2,Weekday,Summer,2022,warm
599,2022-08-23,25.4,22.4,30.2,Weekday,Summer,2022,warm
600,2022-08-24,24.8,22.4,27.9,Weekday,Summer,2022,warm
601,2022-08-25,22.2,21.1,24.0,Weekday,Summer,2022,warm
602,2022-08-26,23.8,19.9,28.4,Weekday,Summer,2022,warm
603,2022-08-27,21.5,17.6,25.5,Weekend,Summer,2022,warm
604,2022-08-28,22.6,16.1,28.4,Weekend,Summer,2022,warm
605,2022-08-29,21.0,19.5,22.5,Weekday,Summer,2022,warm
606,2022-08-30,19.1,17.9,20.3,Weekday,Summer,2022,warm
607,2022-08-31,21.7,19.6,24.9,Weekday,Summer,2022,warm
608,2022-09-01,24.0,18.3,30.4,Weekday,Fall,2022,warm
609,2022-09-02,24.7,20.3,29.8,Weekday,Fall,2022,warm
610,2022-09-03,24.2,20.5,29.2,Weekend,Fall,2022,warm
611,2022-09-04,22.3,19.8,24.0,Weekend,Fall,2022,warm
612,2022-09-05,19.2,17.7,22.7,Weekday,Fall,2022,warm
613,2022-09-06,21.0,17.0,26.3,Weekday,Fall,2022,warm
614,2022-09-07,22.8,17.9,28.1,Weekday,Fall,2022,warm
615,2022-09-08,23.2,16.7,29.5,Weekday,Fall,2022,warm
616,2022-09-09,24.3,18.9,30.8,Weekend,Fall,2022,warm
617,2022-09-10,23.6,19.0,28.4,Weekend,Fall,2022,warm
618,2022-09-11,23.3,20.6,26.4,Weekend,Fall,2022,warm
619,2022-09-12,23.8,20.3,27.5,Weekend,Fall,2022,warm
620,2022-09-13,24.3,21.8,26.4,Weekday,Fall,2022,warm
621,2022-09-14,24.6,22.7,27.9,Weekday,Fall,2022,warm
622,2022-09-15,25.2,22.0,28.3,Weekday,Fall,2022,warm
623,2022-09-16,25.7,23.4,29.9,Weekday,Fall,2022,warm
624,2022-09-17,25.6,23.3,29.4,Weekend,Fall,2022,warm
625,2022-09-18,27.1,23.0,32.5,Weekend,Fall,2022,warm
626,2022-09-19,24.6,19.5,29.6,Weekday,Fall,2022,warm
627,2022-09-20,19.9,16.1,24.6,Weekday,Fall,2022,warm
628,2022-09-21,19.4,13.0,25.6,Weekday,Fall,2022,warm
629,2022-09-22,19.8,14.2,24.7,Weekday,Fall,2022,warm
630,2022-09-23,17.5,14.7,22.2,Weekday,Fall,2022,warm
631,2022-09-24,18.5,12.3,24.2,Weekend,Fall,2022,warm
632,2022-09-25,19.6,15.4,25.2,Weekend,Fall,2022,warm
633,2022-09-26,20.0,14.8,25.4,Weekday,Fall,2022,warm
634,2022-09-27,20.9,14.0,28.0,Weekday,Fall,2022,warm
635,2022-09-28,20.4,16.1,26.1,Weekday,Fall,2022,warm
636,2022-09-29,20.4,16.4,26.5,Weekday,Fall,2022,warm
637,2022-09-30,20.7,14.8,27.7,Weekday,Fall,2022,warm
638,2022-10-01,20.9,14.4,27.6,Weekend,Fall,2022,warm
639,2022-10-02,19.4,17.2,21.6,Weekend,Fall,2022,warm
640,2022-10-03,21.4,17.5,23.4,Weekend,Fall,2022,warm
641,2022-10-04,17.9,14.2,23.0,Weekday,Fall,2022,warm
642,2022-10-05,16.6,14.1,21.6,Weekday,Fall,2022,warm
643,2022-10-06,15.8,12.7,19.1,Weekday,Fall,2022,warm
644,2022-10-07,14.3,11.0,18.6,Weekday,Fall,2022,mild
645,2022-10-08,15.8,11.1,21.6,Weekend,Fall,2022,warm
646,2022-10-09,13.1,10.7,14.5,Weekend,Fall,2022,mild
647,2022-10-10,9.9,8.2,11.9,Weekend,Fall,2022,mild
648,2022-10-11,11.1,7.4,16.4,Weekday,Fall,2022,mild
649,2022-10-12,13.5,6.5,20.6,Weekday,Fall,2022,mild
650,2022-10-13,16.3,10.7,22.7,Weekday,Fall,2022,warm
651,2022-10-14,17.1,12.4,23.0,Weekday,Fall,2022,warm
652,2022-10-15,18.2,12.6,24.4,Weekend,Fall,2022,warm
653,2022-10-16,16.9,15.1,20.5,Weekend,Fall,2022,warm
654,2022-10-17,11.2,7.4,15.1,Weekday,Fall,2022,mild
655,2022-10-18,9.4,5.0,14.2,Weekday,Fall,2022,mild
656,2022-10-19,10.5,4.4,16.8,Weekday,Fall,2022,mild
657,2022-10-20,12.9,6.0,19.7,Weekday,Fall,2022,mild
658,2022-10-21,14.0,8.8,20.9,Weekday,Fall,2022,mild
659,2022-10-22,15.1,10.5,20.8,Weekend,Fall,2022,warm
660,2022-10-23,14.0,10.4,18.6,Weekend,Fall,2022,mild
661,2022-10-24,10.6,7.5,14.8,Weekday,Fall,2022,mild
662,2022-10-25,11.3,5.9,17.6,Weekday,Fall,2022,mild
663,2022-10-26,12.9,8.0,17.8,Weekday,Fall,2022,mild
664,2022-10-27,13.2,8.6,18.9,Weekday,Fall,2022,mild
665,2022-10-28,13.6,8.2,20.6,Weekday,Fall,2022,mild
666,2022-10-29,14.8,10.2,21.3,Weekend,Fall,2022,mild
667,2022-10-30,14.9,10.4,21.3,Weekend,Fall,2022,mild
668,2022-10-31,14.9,11.2,21.1,Weekday,Fall,2022,mild
669,2022-11-01,13.1,9.4,17.8,Weekday,Fall,2022,mild
670,2022-11-02,11.1,5.5,17.9,Weekday,Fall,2022,mild
671,2022-11-03,9.3,5.6,13.4,Weekday,Fall,2022,mild
672,2022-11-04,4.9,1.6,9.8,Weekday,Fall,2022,mild
673,2022-11-05,6.5,0.8,13.6,Weekend,Fall,2022,mild
674,2022-11-06,9.6,3.7,16.4,Weekend,Fall,2022,mild
675,2022-11-07,11.4,6.1,16.6,Weekday,Fall,2022,mild
676,2022-11-08,12.9,9.7,17.9,Weekday,Fall,2022,mild
677,2022-11-09,11.4,6.7,16.0,Weekday,Fall,2022,mild
678,2022-11-10,13.5,8.8,19.1,Weekday,Fall,2022,mild
679,2022-11-11,15.6,10.9,22.1,Weekday,Fall,2022,warm
680,2022-11-12,16.3,11.6,22.0,Weekend,Fall,2022,warm
681,2022-11-13,10.3,8.7,17.3,Weekend,Fall,2022,mild
682,2022-11-14,9.7,5.9,13.8,Weekday,Fall,2022,mild
683,2022-11-15,8.1,4.0,12.3,Weekday,Fall,2022,mild
684,2022-11-16,8.5,5.5,13.0,Weekday,Fall,2022,mild
685,2022-11-17,10.2,5.4,16.6,Weekday,Fall,2022,mild
686,2022-11-18,11.0,5.3,18.1,Weekday,Fall,2022,mild
687,2022-11-19,12.9,8.7,19.2,Weekend,Fall,2022,mild
688,2022-11-20,13.7,9.5,20.2,Weekend,Fall,2022,mild
689,2022-11-21,11.8,9.3,16.2,Weekday,Fall,2022,mild
690,2022-11-22,10.7,7.0,13.7,Weekday,Fall,2022,mild
691,2022-11-23,10.8,6.8,15.2,Weekday,Fall,2022,mild
692,2022-11-24,9.4,5.9,14.1,Weekday,Fall,2022,mild
693,2022-11-25,12.3,7.1,17.8,Weekday,Fall,2022,mild
694,2022-11-26,6.7,1.0,12.9,Weekend,Fall,2022,mild
695,2022-11-27,5.4,-1.1,11.5,Weekend,Fall,2022,mild
696,2022-11-28,12.3,7.5,15.0,Weekday,Fall,2022,mild
697,2022-11-29,6.9,-1.6,15.0,Weekday,Fall,2022,mild
698,2022-11-30,-5.4,-8.1,-1.6,Weekday,Fall,2022,cold
699,2022-12-01,-5.4,-9.4,-1.2,Weekday,Winter,2022,cold
700,2022-12-02,-2.5,-7.6,3.0,Weekday,Winter,2022,cold
701,2022-12-03,2.1,-0.3,7.0,Weekend,Winter,2022,mild
702,2022-12-04,-3.5,-5.2,-0.2,Weekend,Winter,2022,cold
703,2022-12-05,-3.1,-7.0,1.9,Weekday,Winter,2022,cold
704,2022-12-06,0.9,-3.9,5.3,Weekday,Winter,2022,mild
705,2022-12-07,4.9,1.2,9.0,Weekday,Winter,2022,mild
706,2022-12-08,3.7,0.1,9.1,Weekday,Winter,2022,mild
707,2022-12-09,4.5,0.9,10.2,Weekday,Winter,2022,mild
708,2022-12-10,2.6,-0.6,6.7,Weekend,Winter,2022,mild
709,2022-12-11,1.6,-1.5,6.8,Weekend,Winter,2022,mild
710,2022-12-12,2.0,-2.0,6.3,Weekday,Winter,2022,mild
711,2022-12-13,0.0,-6.4,3.1,Weekday,Winter,2022,mild
712,2022-12-14,-8.4,-11.0,-4.9,Weekday,Winter,2022,cold
713,2022-12-15,-4.5,-8.5,-1.3,Weekday,Winter,2022,cold
714,2022-12-16,-6.3,-9.6,-2.2,Weekday,Winter,2022,cold
715,2022-12-17,-7.0,-9.8,-3.2,Weekend,Winter,2022,cold
716,2022-12-18,-9.5,-12.4,-5.6,Weekend,Winter,2022,cold
717,2022-12-19,-7.0,-12.0,-2.5,Weekday,Winter,2022,cold
718,2022-12-20,-3.2,-9.5,2.9,Weekday,Winter,2022,cold
719,2022-12-21,-0.1,-2.6,2.6,Weekday,Winter,2022,cold
720,2022-12-22,-7.8,-11.3,-2.6,Weekday,Winter,2022,cold
721,2022-12-23,-11.8,-13.7,-8.6,Weekday,Winter,2022,very_cold
722,2022-12-24,-8.4,-13.5,-2.0,Weekend,Winter,2022,cold
723,2022-12-25,-5.4,-9.6,0.2,Weekend,Winter,2022,cold
724,2022-12-26,-3.9,-7.9,1.7,Weekday,Winter,2022,cold
725,2022-12-27,-2.6,-7.3,3.3,Weekday,Winter,2022,cold
726,2022-12-28,-3.3,-6.0,0.1,Weekday,Winter,2022,cold
727,2022-12-29,-2.9,-7.8,2.1,Weekday,Winter,2022,cold
728,2022-12-30,-1.8,-4.4,2.3,Weekday,Winter,2022,cold
729,2022-12-31,-1.2,-5.1,2.1,Weekend,Winter,2022,cold
730,2023-01-01,-0.2,-4.3,3.8,Weekend,Winter,2023,cold
731,2023-01-02,-4.5,-7.4,-0.4,Weekday,Winter,2023,cold
732,2023-01-03,-5.0,-9.0,0.6,Weekday,Winter,2023,cold
733,2023-01-04,-1.8,-5.7,3.3,Weekday,Winter,2023,cold
734,2023-01-05,-1.6,-5.6,3.6,Weekday,Winter,2023,cold
735,2023-01-06,0.6,-4.7,5.7,Weekday,Winter,2023,mild
736,2023-01-07,1.5,-1.4,3.8,Weekend,Winter,2023,mild
737,2023-01-08,1.3,-3.7,6.3,Weekend,Winter,2023,mild
738,2023-01-09,3.1,-1.3,7.0,Weekday,Winter,2023,mild
739,2023-01-10,1.6,-3.9,9.1,Weekday,Winter,2023,mild
740,2023-01-11,2.6,-2.0,9.2,Weekday,Winter,2023,mild
741,2023-01-12,5.9,-0.6,12.5,Weekday,Winter,2023,mild
742,2023-01-13,8.3,5.1,10.1,Weekday,Winter,2023,mild
743,2023-01-14,6.6,3.8,8.4,Weekend,Winter,2023,mild
744,2023-01-15,-0.2,-3.5,3.8,Weekend,Winter,2023,cold
745,2023-01-16,-4.6,-6.8,-1.2,Weekday,Winter,2023,cold
746,2023-01-17,-3.7,-7.0,-0.4,Weekday,Winter,2023,cold
747,2023-01-18,-1.9,-4.6,2.2,Weekday,Winter,2023,cold
748,2023-01-19,-0.4,-6.0,4.3,Weekday,Winter,2023,cold
749,2023-01-20,-3.3,-7.7,2.0,Weekday,Winter,2023,cold
750,2023-01-21,-4.5,-10.5,1.5,Weekend,Winter,2023,cold
751,2023-01-22,-0.6,-2.8,2.6,Weekend,Winter,2023,cold
752,2023-01-23,-0.8,-6.9,4.6,Weekend,Winter,2023,cold
753,2023-01-24,-14.7,-17.0,-6.9,Weekend,Winter,2023,very_cold
754,2023-01-25,-11.3,-17.3,-5.4,Weekday,Winter,2023,very_cold
755,2023-01-26,-6.0,-9.0,-3.5,Weekday,Winter,2023,cold
756,2023-01-27,-7.3,-9.6,-3.8,Weekday,Winter,2023,cold
757,2023-01-28,-6.0,-11.2,-0.6,Weekend,Winter,2023,cold
758,2023-01-29,-1.8,-8.0,4.9,Weekend,Winter,2023,cold
759,2023-01-30,-0.9,-4.4,4.2,Weekday,Winter,2023,cold
760,2023-01-31,2.4,-3.5,7.8,Weekday,Winter,2023,mild
761,2023-02-01,0.9,-3.0,6.0,Weekday,Winter,2023,mild
762,2023-02-02,-2.4,-5.1,1.4,Weekday,Winter,2023,cold
763,2023-02-03,-1.6,-3.9,3.4,Weekday,Winter,2023,cold
764,2023-02-04,-0.2,-5.2,6.0,Weekend,Winter,2023,cold
765,2023-02-05,1.7,-3.3,7.1,Weekend,Winter,2023,mild
766,2023-02-06,3.0,-1.7,8.8,Weekday,Winter,2023,mild
767,2023-02-07,3.5,-0.6,9.5,Weekday,Winter,2023,mild
768,2023-02-08,2.1,-1.3,7.8,Weekday,Winter,2023,mild
769,2023-02-09,4.0,-2.8,9.9,Weekday,Winter,2023,mild
770,2023-02-10,3.8,1.1,6.2,Weekday,Winter,2023,mild
771,2023-02-11,2.8,-1.2,8.5,Weekend,Winter,2023,mild
772,2023-02-12,3.7,-0.9,7.6,Weekend,Winter,2023,mild
773,2023-02-13,5.9,2.7,8.4,Weekday,Winter,2023,mild
774,2023-02-14,1.7,-2.5,6.6,Weekday,Winter,2023,mild
775,2023-02-15,3.2,-1.2,8.9,Weekday,Winter,2023,mild
776,2023-02-16,2.3,-0.7,4.5,Weekday,Winter,2023,mild
777,2023-02-17,3.4,-1.5,9.8,Weekday,Winter,2023,mild
778,2023-02-18,5.7,3.0,8.1,Weekend,Winter,2023,mild
779,2023-02-19,3.5,0.2,6.1,Weekend,Winter,2023,mild
780,2023-02-20,-0.5,-3.5,2.4,Weekday,Winter,2023,cold
781,2023-02-21,-1.3,-5.3,4.8,Weekday,Winter,2023,cold
782,2023-02-22,1.2,-4.5,8.4,Weekday,Winter,2023,mild
783,2023-02-23,2.9,-1.8,9.2,Weekday,Winter,2023,mild
784,2023-02-24,3.5,-0.4,8.5,Weekday,Winter,2023,mild
785,2023-02-25,0.7,-2.9,5.7,Weekend,Winter,2023,mild
786,2023-02-26,2.2,-3.4,9.4,Weekend,Winter,2023,mild
787,2023-02-27,4.4,-1.8,12.4,Weekday,Winter,2023,mild
788,2023-02-28,4.3,-0.7,8.7,Weekday,Winter,2023,mild
789,2023-03-01,6.0,2.9,9.0,Weekend,Spring,2023,mild
790,2023-03-02,2.2,-1.8,6.6,Weekday,Spring,2023,mild
791,2023-03-03,4.6,-1.9,10.4,Weekday,Spring,2023,mild
792,2023-03-04,7.7,3.7,14.1,Weekend,Spring,2023,mild
793,2023-03-05,8.0,2.5,15.4,Weekend,Spring,2023,mild
794,2023-03-06,9.2,2.2,16.5,Weekday,Spring,2023,mild
795,2023-03-07,11.7,6.3,19.4,Weekday,Spring,2023,mild
796,2023-03-08,12.5,7.4,17.7,Weekday,Spring,2023,mild
797,2023-03-09,10.3,7.4,13.1,Weekday,Spring,2023,mild
798,2023-03-10,13.5,6.2,22.2,Weekday,Spring,2023,mild
799,2023-03-11,15.2,10.2,22.8,Weekend,Spring,2023,warm
800,2023-03-12,5.9,0.6,12.6,Weekend,Spring,2023,mild
801,2023-03-13,2.9,-1.9,7.6,Weekday,Spring,2023,mild
802,2023-03-14,9.2,3.3,15.4,Weekday,Spring,2023,mild
803,2023-03-15,8.6,3.5,14.4,Weekday,Spring,2023,mild
804,2023-03-16,4.6,0.4,9.0,Weekday,Spring,2023,mild
805,2023-03-17,7.2,0.7,12.7,Weekday,Spring,2023,mild
806,2023-03-18,7.7,2.5,14.0,Weekend,Spring,2023,mild
807,2023-03-19,8.3,2.3,15.2,Weekend,Spring,2023,mild
808,2023-03-20,9.5,2.6,17.1,Weekday,Spring,2023,mild
809,2023-03-21,13.0,5.0,22.2,Weekday,Spring,2023,mild
810,2023-03-22,17.0,9.2,25.1,Weekday,Spring,2023,warm
811,2023-03-23,17.4,12.3,23.3,Weekday,Spring,2023,warm
812,2023-03-24,12.5,7.6,18.3,Weekday,Spring,2023,mild
813,2023-03-25,12.5,8.0,18.7,Weekend,Spring,2023,mild
814,2023-03-26,9.4,4.7,14.0,Weekend,Spring,2023,mild
815,2023-03-27,7.3,1.9,14.5,Weekday,Spring,2023,mild
816,2023-03-28,9.2,2.8,15.7,Weekday,Spring,2023,mild
817,2023-03-29,11.8,5.1,19.7,Weekday,Spring,2023,mild
818,2023-03-30,13.3,6.4,21.2,Weekday,Spring,2023,mild
819,2023-03-31,15.0,7.5,23.9,Weekday,Spring,2023,warm
820,2023-04-01,17.5,9.4,25.6,Weekend,Spring,2023,warm
821,2023-04-02,18.8,11.9,25.2,Weekend,Spring,2023,warm
822,2023-04-03,19.0,11.3,25.9,Weekday,Spring,2023,warm
823,2023-04-04,17.6,12.7,21.7,Weekday,Spring,2023,warm
824,2023-04-05,11.9,8.7,14.9,Weekday,Spring,2023,mild
825,2023-04-06,8.8,7.4,9.7,Weekday,Spring,2023,mild
826,2023-04-07,8.9,4.6,15.7,Weekday,Spring,2023,mild
827,2023-04-08,8.8,3.1,14.9,Weekend,Spring,2023,mild
828,2023-04-09,10.8,3.5,17.8,Weekend,Spring,2023,mild
829,2023-04-10,13.2,6.2,19.1,Weekday,Spring,2023,mild
830,2023-04-11,13.1,9.2,17.4,Weekday,Spring,2023,mild
831,2023-04-12,10.1,4.8,15.3,Weekday,Spring,2023,mild
832,2023-04-13,11.9,5.1,17.2,Weekday,Spring,2023,mild
833,2023-04-14,16.2,11.9,21.3,Weekday,Spring,2023,warm
834,2023-04-15,13.5,9.3,16.6,Weekend,Spring,2023,mild
835,2023-04-16,10.8,7.5,16.1,Weekend,Spring,2023,mild
836,2023-04-17,13.1,6.8,18.1,Weekday,Spring,2023,mild
837,2023-04-18,14.0,10.7,18.4,Weekday,Spring,2023,mild
838,2023-04-19,19.1,11.5,28.4,Weekday,Spring,2023,warm
839,2023-04-20,15.8,14.5,18.9,Weekday,Spring,2023,warm
840,2023-04-21,16.7,11.4,22.8,Weekday,Spring,2023,warm
841,2023-04-22,16.9,12.2,22.5,Weekend,Spring,2023,warm
842,2023-04-23,16.1,10.7,22.1,Weekend,Spring,2023,warm
843,2023-04-24,15.8,11.5,21.3,Weekday,Spring,2023,warm
844,2023-04-25,10.9,9.0,13.2,Weekday,Spring,2023,mild
845,2023-04-26,10.2,7.4,13.5,Weekday,Spring,2023,mild
846,2023-04-27,12.9,5.1,20.0,Weekday,Spring,2023,mild
847,2023-04-28,15.7,9.0,21.3,Weekday,Spring,2023,warm
848,2023-04-29,13.2,9.9,15.8,Weekend,Spring,2023,mild
849,2023-04-30,12.7,7.9,17.9,Weekend,Spring,2023,mild
850,2023-05-01,14.6,9.8,20.8,Weekday,Spring,2023,mild
851,2023-05-02,16.7,9.1,23.7,Weekday,Spring,2023,warm
852,2023-05-03,19.5,12.4,26.2,Weekday,Spring,2023,warm
853,2023-05-04,21.4,15.6,25.8,Weekday,Spring,2023,warm
854,2023-05-05,18.4,15.5,21.6,Weekend,Spring,2023,warm
855,2023-05-06,12.6,11.7,15.5,Weekend,Spring,2023,mild
856,2023-05-07,14.4,11.1,18.6,Weekend,Spring,2023,mild
857,2023-05-08,15.3,7.9,22.0,Weekday,Spring,2023,warm
858,2023-05-09,17.0,10.0,24.4,Weekday,Spring,2023,warm
859,2023-05-10,18.4,10.7,26.0,Weekday,Spring,2023,warm
860,2023-05-11,19.5,12.8,26.7,Weekday,Spring,2023,warm
861,2023-05-12,18.4,13.1,24.7,Weekday,Spring,2023,warm
862,2023-05-13,17.8,12.6,23.9,Weekend,Spring,2023,warm
863,2023-05-14,18.1,12.9,23.8,Weekend,Spring,2023,warm
864,2023-05-15,20.6,12.8,27.9,Weekday,Spring,2023,warm
865,2023-05-16,24.0,17.2,31.2,Weekday,Spring,2023,warm
866,2023-05-17,23.5,18.6,28.7,Weekday,Spring,2023,warm
867,2023-05-18,21.2,18.8,27.6,Weekday,Spring,2023,warm
868,2023-05-19,22.3,16.7,27.8,Weekday,Spring,2023,warm
869,2023-05-20,21.2,16.6,26.7,Weekend,Spring,2023,warm
870,2023-05-21,17.8,15.3,21.9,Weekend,Spring,2023,warm
871,2023-05-22,20.3,15.9,26.8,Weekday,Spring,2023,warm
872,2023-05-23,20.5,14.1,26.9,Weekday,Spring,2023,warm
873,2023-05-24,20.6,14.8,25.9,Weekday,Spring,2023,warm
874,2023-05-25,21.2,15.7,27.4,Weekday,Spring,2023,warm
875,2023-05-26,21.4,15.8,27.3,Weekday,Spring,2023,warm
876,2023-05-27,19.3,18.6,20.7,Weekend,Spring,2023,warm
877,2023-05-28,19.2,18.4,20.2,Weekend,Spring,2023,warm
878,2023-05-29,23.2,19.0,28.5,Weekday,Spring,2023,warm
879,2023-05-30,24.0,20.5,28.9,Weekday,Spring,2023,warm
880,2023-05-31,22.8,18.8,28.2,Weekday,Spring,2023,warm
881,2023-06-01,22.8,19.7,26.3,Weekday,Summer,2023,warm
882,2023-06-02,20.4,17.9,25.0,Weekday,Summer,2023,warm
883,2023-06-03,22.0,16.6,27.8,Weekend,Summer,2023,warm
884,2023-06-04,22.1,16.9,28.0,Weekend,Summer,2023,warm
885,2023-06-05,21.5,17.6,26.3,Weekday,Summer,2023,warm
886,2023-06-06,20.3,17.3,25.2,Weekend,Summer,2023,warm
887,2023-06-07,21.4,18.9,25.7,Weekday,Summer,2023,warm
888,2023-06-08,20.4,18.3,23.9,Weekday,Summer,2023,warm
889,2023-06-09,23.3,18.3,28.4,Weekday,Summer,2023,warm
890,2023-06-10,23.2,19.6,28.5,Weekend,Summer,2023,warm
891,2023-06-11,22.1,17.9,27.3,Weekend,Summer,2023,warm
892,2023-06-12,22.2,18.4,27.5,Weekday,Summer,2023,warm
893,2023-06-13,22.0,19.2,26.0,Weekday,Summer,2023,warm
894,2023-06-14,20.6,17.5,25.0,Weekday,Summer,2023,warm
895,2023-06-15,22.7,17.7,28.3,Weekday,Summer,2023,warm
896,2023-06-16,23.7,19.1,28.9,Weekday,Summer,2023,warm
897,2023-06-17,24.2,18.9,30.2,Weekend,Summer,2023,warm
898,2023-06-18,25.9,20.8,32.6,Weekend,Summer,2023,warm
899,2023-06-19,28.5,23.3,34.0,Weekday,Summer,2023,warm
900,2023-06-20,24.7,21.4,26.4,Weekday,Summer,2023,warm
901,2023-06-21,20.5,19.2,22.1,Weekday,Summer,2023,warm
902,2023-06-22,22.5,18.9,26.4,Weekday,Summer,2023,warm
903,2023-06-23,24.4,20.0,29.9,Weekday,Summer,2023,warm
904,2023-06-24,26.4,21.9,31.1,Weekend,Summer,2023,warm
905,2023-06-25,28.2,22.8,33.1,Weekend,Summer,2023,warm
906,2023-06-26,24.2,22.3,27.5,Weekday,Summer,2023,warm
907,2023-06-27,25.3,21.4,29.1,Weekday,Summer,2023,warm
908,2023-06-28,26.5,24.2,30.1,Weekday,Summer,2023,warm
909,2023-06-29,24.2,23.2,25.9,Weekday,Summer,2023,warm
910,2023-06-30,25.3,23.2,29.1,Weekday,Summer,2023,warm
911,2023-07-01,27.7,23.3,32.9,Weekend,Summer,2023,warm
912,2023-07-02,26.7,23.5,30.6,Weekend,Summer,2023,warm
913,2023-07-03,29.1,24.1,34.9,Weekday,Summer,2023,warm
914,2023-07-04,26.1,24.5,29.2,Weekday,Summer,2023,warm
915,2023-07-05,24.5,22.1,27.1,Weekday,Summer,2023,warm
916,2023-07-06,27.3,22.4,31.8,Weekday,Summer,2023,warm
917,2023-07-07,26.7,23.3,31.4,Weekday,Summer,2023,warm
918,2023-07-08,25.6,22.4,29.7,Weekend,Summer,2023,warm
919,2023-07-09,24.7,21.6,27.0,Weekend,Summer,2023,warm
920,2023-07-10,26.3,22.9,30.9,Weekday,Summer,2023,warm
921,2023-07-11,23.5,21.6,25.9,Weekday,Summer,2023,warm
922,2023-07-12,25.8,22.0,29.1,Weekday,Summer,2023,warm
923,2023-07-13,25.2,24.7,26.5,Weekday,Summer,2023,warm
924,2023-07-14,24.6,23.9,25.1,Weekday,Summer,2023,warm
925,2023-07-15,24.5,23.7,25.7,Weekend,Summer,2023,warm
926,2023-07-16,24.6,23.7,25.4,Weekend,Summer,2023,warm
927,2023-07-17,25.5,23.7,27.8,Weekday,Summer,2023,warm
928,2023-07-18,25.2,24.1,27.7,Weekday,Summer,2023,warm
929,2023-07-19,27.2,22.5,32.4,Weekday,Summer,2023,warm
930,2023-07-20,27.9,24.0,32.8,Weekday,Summer,2023,warm
931,2023-07-21,29.5,24.6,34.3,Weekday,Summer,2023,warm
932,2023-07-22,27.7,24.6,32.5,Weekend,Summer,2023,warm
933,2023-07-23,25.2,24.5,25.8,Weekend,Summer,2023,warm
934,2023-07-24,26.9,24.6,30.0,Weekday,Summer,2023,warm
935,2023-07-25,27.8,25.8,30.5,Weekday,Summer,2023,warm
936,2023-07-26,27.6,24.9,31.1,Weekday,Summer,2023,warm
937,2023-07-27,28.4,24.4,32.2,Weekday,Summer,2023,warm
938,2023-07-28,29.5,25.4,34.1,Weekday,Summer,2023,warm
939,2023-07-29,29.1,26.1,33.3,Weekend,Summer,2023,warm
940,2023-07-30,28.8,24.9,34.9,Weekend,Summer,2023,warm
941,2023-07-31,28.7,25.6,33.4,Weekday,Summer,2023,warm
942,2023-08-01,29.9,25.5,34.2,Weekday,Summer,2023,warm
943,2023-08-02,29.7,26.8,33.7,Weekday,Summer,2023,warm
944,2023-08-03,29.5,25.8,33.8,Weekday,Summer,2023,warm
945,2023-08-04,30.0,26.5,34.4,Weekday,Summer,2023,hot
946,2023-08-05,30.3,26.4,34.9,Weekend,Summer,2023,hot
947,2023-08-06,29.8,27.0,33.0,Weekend,Summer,2023,warm
948,2023-08-07,30.4,27.3,34.6,Weekday,Summer,2023,hot
949,2023-08-08,30.9,26.4,35.8,Weekday,Summer,2023,hot
950,2023-08-09,28.3,25.1,31.6,Weekday,Summer,2023,warm
951,2023-08-10,22.2,20.9,25.1,Weekday,Summer,2023,warm
952,2023-08-11,23.5,21.6,24.9,Weekday,Summer,2023,warm
953,2023-08-12,23.3,22.5,24.1,Weekend,Summer,2023,warm
954,2023-08-13,27.0,22.6,31.1,Weekend,Summer,2023,warm
955,2023-08-14,28.1,24.8,31.9,Weekday,Summer,2023,warm
956,2023-08-15,28.6,24.7,32.7,Weekday,Summer,2023,warm
957,2023-08-16,27.3,24.7,31.6,Weekday,Summer,2023,warm
958,2023-08-17,28.2,24.5,32.4,Weekday,Summer,2023,warm
959,2023-08-18,29.1,25.5,33.3,Weekday,Summer,2023,warm
960,2023-08-19,29.1,26.4,33.6,Weekend,Summer,2023,warm
961,2023-08-20,28.3,25.5,31.8,Weekend,Summer,2023,warm
962,2023-08-21,29.5,26.0,33.6,Weekday,Summer,2023,warm
963,2023-08-22,27.6,25.8,32.2,Weekday,Summer,2023,warm
964,2023-08-23,24.8,23.2,27.2,Weekday,Summer,2023,warm
965,2023-08-24,25.1,22.3,27.8,Weekday,Summer,2023,warm
966,2023-08-25,26.5,24.0,30.0,Weekday,Summer,2023,warm
967,2023-08-26,26.4,23.3,30.3,Weekend,Summer,2023,warm
968,2023-08-27,26.1,22.7,29.6,Weekend,Summer,2023,warm
969,2023-08-28,22.7,20.8,25.6,Weekday,Summer,2023,warm
970,2023-08-29,23.9,22.5,25.5,Weekday,Summer,2023,warm
971,2023-08-30,22.8,21.5,24.5,Weekday,Summer,2023,warm
972,2023-08-31,23.9,21.0,28.9,Weekday,Summer,2023,warm
973,2023-09-01,24.5,19.7,29.6,Weekday,Fall,2023,warm
974,2023-09-02,25.4,19.7,30.8,Weekend,Fall,2023,warm
975,2023-09-03,25.8,23.1,28.8,Weekend,Fall,2023,warm
976,2023-09-04,27.0,24.3,30.2,Weekday,Fall,2023,warm
977,2023-09-05,28.5,25.0,32.8,Weekday,Fall,2023,warm
978,2023-09-06,27.9,24.0,32.1,Weekday,Fall,2023,warm
979,2023-09-07,26.3,20.9,31.6,Weekday,Fall,2023,warm
980,2023-09-08,25.3,19.6,30.5,Weekday,Fall,2023,warm
981,2023-09-09,25.8,20.8,31.2,Weekend,Fall,2023,warm
982,2023-09-10,25.7,22.0,29.6,Weekend,Fall,2023,warm
983,2023-09-11,25.5,23.1,29.8,Weekday,Fall,2023,warm
984,2023-09-12,25.7,21.7,29.8,Weekday,Fall,2023,warm
985,2023-09-13,22.1,19.6,24.6,Weekday,Fall,2023,warm
986,2023-09-14,23.4,19.2,27.2,Weekday,Fall,2023,warm
987,2023-09-15,22.3,20.3,24.3,Weekday,Fall,2023,warm
988,2023-09-16,23.9,22.0,26.6,Weekend,Fall,2023,warm
989,2023-09-17,24.7,22.0,28.0,Weekend,Fall,2023,warm
990,2023-09-18,24.7,22.1,28.9,Weekday,Fall,2023,warm
991,2023-09-19,24.1,21.6,27.2,Weekday,Fall,2023,warm
992,2023-09-20,20.6,18.8,23.9,Weekday,Fall,2023,warm
993,2023-09-21,20.1,17.5,23.6,Weekday,Fall,2023,warm
994,2023-09-22,20.5,15.2,26.7,Weekday,Fall,2023,warm
995,2023-09-23,21.8,16.3,27.6,Weekend,Fall,2023,warm
996,2023-09-24,21.8,17.9,26.2,Weekend,Fall,2023,warm
997,2023-09-25,21.6,17.9,26.0,Weekday,Fall,2023,warm
998,2023-09-26,19.9,18.6,20.8,Weekday,Fall,2023,warm
999,2023-09-27,21.5,20.0,23.7,Weekday,Fall,2023,warm
1000,2023-09-28,22.7,19.6,27.3,Weekend,Fall,2023,warm
1001,2023-09-29,21.1,17.4,26.9,Weekend,Fall,2023,warm
1002,2023-09-30,19.7,17.1,22.2,Weekend,Fall,2023,warm
1003,2023-10-01,18.4,14.4,23.7,Weekend,Fall,2023,warm
1004,2023-10-02,18.2,12.9,24.6,Weekend,Fall,2023,warm
1005,2023-10-03,17.5,14.4,22.5,Weekend,Fall,2023,warm
1006,2023-10-04,17.3,14.2,23.2,Weekday,Fall,2023,warm
1007,2023-10-05,14.2,9.9,19.2,Weekday,Fall,2023,mild
1008,2023-10-06,15.5,9.6,21.5,Weekday,Fall,2023,warm
1009,2023-10-07,16.8,11.7,21.2,Weekend,Fall,2023,warm
1010,2023-10-08,17.1,15.2,19.5,Weekend,Fall,2023,warm
1011,2023-10-09,17.4,14.1,22.4,Weekend,Fall,2023,warm
1012,2023-10-10,17.1,11.9,23.5,Weekday,Fall,2023,warm
1013,2023-10-11,17.6,12.9,24.0,Weekday,Fall,2023,warm
1014,2023-10-12,17.5,12.0,24.1,Weekday,Fall,2023,warm
1015,2023-10-13,17.5,14.3,21.5,Weekday,Fall,2023,warm
1016,2023-10-14,14.7,12.9,18.2,Weekend,Fall,2023,mild
1017,2023-10-15,16.1,10.9,21.2,Weekend,Fall,2023,warm
1018,2023-10-16,14.7,10.7,19.6,Weekday,Fall,2023,mild
1019,2023-10-17,13.8,7.5,20.9,Weekday,Fall,2023,mild
1020,2023-10-18,15.7,9.2,21.6,Weekday,Fall,2023,warm
1021,2023-10-19,17.0,14.9,18.9,Weekday,Fall,2023,warm
1022,2023-10-20,11.6,7.2,15.1,Weekday,Fall,2023,mild
1023,2023-10-21,10.4,5.9,16.6,Weekend,Fall,2023,mild
1024,2023-10-22,12.5,5.4,18.7,Weekend,Fall,2023,mild
1025,2023-10-23,15.2,11.1,21.4,Weekday,Fall,2023,warm
1026,2023-10-24,15.6,11.2,19.3,Weekday,Fall,2023,warm
1027,2023-10-25,16.6,12.7,21.9,Weekday,Fall,2023,warm
1028,2023-10-26,17.2,14.6,21.1,Weekday,Fall,2023,warm
1029,2023-10-27,15.7,12.6,20.2,Weekday,Fall,2023,warm
1030,2023-10-28,14.2,9.4,20.7,Weekend,Fall,2023,mild
1031,2023-10-29,14.9,9.8,21.8,Weekend,Fall,2023,mild
1032,2023-10-30,15.1,9.7,21.9,Weekday,Fall,2023,warm
1033,2023-10-31,16.5,12.7,20.8,Weekday,Fall,2023,warm
1034,2023-11-01,19.0,17.2,20.6,Weekday,Fall,2023,warm
1035,2023-11-02,20.8,18.7,25.9,Weekday,Fall,2023,warm
1036,2023-11-03,19.5,17.7,22.4,Weekday,Fall,2023,warm
1037,2023-11-04,17.4,14.1,20.9,Weekend,Fall,2023,warm
1038,2023-11-05,17.3,15.1,20.4,Weekend,Fall,2023,warm
1039,2023-11-06,13.3,6.6,19.3,Weekday,Fall,2023,mild
1040,2023-11-07,5.8,3.6,9.9,Weekday,Fall,2023,mild
1041,2023-11-08,8.4,1.8,16.1,Weekday,Fall,2023,mild
1042,2023-11-09,11.4,5.9,18.4,Weekday,Fall,2023,mild
1043,2023-11-10,3.4,0.5,9.1,Weekday,Fall,2023,mild
1044,2023-11-11,1.7,-1.9,6.7,Weekend,Fall,2023,mild
1045,2023-11-12,1.2,-2.0,5.7,Weekend,Fall,2023,mild
1046,2023-11-13,2.0,-2.2,6.7,Weekday,Fall,2023,mild
1047,2023-11-14,5.0,-0.8,10.8,Weekday,Fall,2023,mild
1048,2023-11-15,7.0,2.0,12.5,Weekday,Fall,2023,mild
1049,2023-11-16,6.6,5.7,7.4,Weekday,Fall,2023,mild
1050,2023-11-17,1.6,-1.9,5.9,Weekday,Fall,2023,mild
1051,2023-11-18,0.6,-3.8,5.7,Weekend,Fall,2023,mild
1052,2023-11-19,5.9,-0.3,13.4,Weekend,Fall,2023,mild
1053,2023-11-20,6.2,1.8,12.8,Weekday,Fall,2023,mild
1054,2023-11-21,7.4,1.4,14.8,Weekday,Fall,2023,mild
1055,2023-11-22,9.5,2.9,15.1,Weekday,Fall,2023,mild
1056,2023-11-23,9.9,1.9,14.6,Weekday,Fall,2023,mild
1057,2023-11-24,-1.5,-4.4,2.2,Weekday,Fall,2023,cold
1058,2023-11-25,-1.3,-5.9,4.0,Weekend,Fall,2023,cold
1059,2023-11-26,4.0,-0.1,7.2,Weekend,Fall,2023,mild
1060,2023-11-27,6.2,4.4,9.3,Weekday,Fall,2023,mild
1061,2023-11-28,1.3,-1.2,5.2,Weekday,Fall,2023,mild
1062,2023-11-29,-1.4,-4.0,3.0,Weekday,Fall,2023,cold
1063,2023-11-30,-4.3,-7.3,-0.5,Weekday,Fall,2023,cold
1064,2023-12-01,-3.2,-6.8,0.7,Weekday,Winter,2023,cold
1065,2023-12-02,2.0,-4.4,8.0,Weekend,Winter,2023,mild
1066,2023-12-03,0.8,-2.8,6.0,Weekend,Winter,2023,mild
1067,2023-12-04,2.7,-3.0,9.4,Weekday,Winter,2023,mild
1068,2023-12-05,6.8,3.8,12.6,Weekday,Winter,2023,mild
1069,2023-12-06,6.1,3.9,8.7,Weekday,Winter,2023,mild
1070,2023-12-07,6.6,0.8,11.4,Weekday,Winter,2023,mild
1071,2023-12-08,11.2,5.1,16.8,Weekday,Winter,2023,mild
1072,2023-12-09,13.7,11.7,16.2,Weekend,Winter,2023,mild
1073,2023-12-10,11.4,6.7,15.5,Weekend,Winter,2023,mild
1074,2023-12-11,8.9,5.0,12.3,Weekday,Winter,2023,mild
1075,2023-12-12,5.4,3.5,9.3,Weekday,Winter,2023,mild
1076,2023-12-13,6.8,2.6,10.3,Weekday,Winter,2023,mild
1077,2023-12-14,7.6,6.2,9.1,Weekday,Winter,2023,mild
1078,2023-12-15,4.9,3.7,6.2,Weekday,Winter,2023,mild
1079,2023-12-16,-4.1,-9.9,3.8,Weekend,Winter,2023,cold
1080,2023-12-17,-9.8,-12.4,-6.4,Weekend,Winter,2023,cold
1081,2023-12-18,-7.7,-12.2,-3.6,Weekday,Winter,2023,cold
1082,2023-12-19,-3.7,-8.2,0.2,Weekday,Winter,2023,cold
1083,2023-12-20,-7.4,-11.9,-2.1,Weekday,Winter,2023,cold
1084,2023-12-21,-11.7,-14.4,-8.0,Weekday,Winter,2023,very_cold
1085,2023-12-22,-11.6,-14.7,-8.0,Weekday,Winter,2023,very_cold
1086,2023-12-23,-6.8,-12.7,-0.9,Weekend,Winter,2023,cold
1087,2023-12-24,-2.2,-5.6,3.0,Weekend,Winter,2023,cold
1088,2023-12-25,-0.7,-2.7,2.1,Weekend,Winter,2023,cold
1089,2023-12-26,1.9,-2.6,7.2,Weekday,Winter,2023,mild
1090,2023-12-27,1.5,-2.8,6.8,Weekday,Winter,2023,mild
1091,2023-12-28,1.2,-1.7,4.4,Weekday,Winter,2023,mild
1092,2023-12-29,1.3,-1.5,4.6,Weekday,Winter,2023,mild
1093,2023-12-30,0.6,-0.9,2.1,Weekend,Winter,2023,mild
1094,2023-12-31,2.1,0.6,4.3,Weekend,Winter,2023,mild
1095,2024-01-01,3.3,-0.3,7.3,Weekend,Winter,2024,mild
1096,2024-01-02,2.9,2.2,4.3,Weekday,Winter,2024,mild
1097,2024-01-03,1.8,-1.1,4.0,Weekday,Winter,2024,mild
1098,2024-01-04,1.4,-3.3,4.7,Weekday,Winter,2024,mild
1099,2024-01-05,5.0,1.4,9.1,Weekday,Winter,2024,mild
1100,2024-01-06,0.7,-2.7,5.2,Weekend,Winter,2024,mild
1101,2024-01-07,-4.4,-8.3,-0.9,Weekend,Winter,2024,cold
1102,2024-01-08,-4.7,-10.3,0.0,Weekday,Winter,2024,cold
1103,2024-01-09,-0.6,-1.9,0.4,Weekday,Winter,2024,cold
1104,2024-01-10,-1.0,-4.1,3.3,Weekday,Winter,2024,cold
1105,2024-01-11,1.7,-2.4,4.5,Weekday,Winter,2024,mild
1106,2024-01-12,0.9,-1.4,4.2,Weekday,Winter,2024,mild
1107,2024-01-13,0.4,-3.8,6.4,Weekend,Winter,2024,mild
1108,2024-01-14,-0.6,-3.3,2.4,Weekend,Winter,2024,cold
1109,2024-01-15,-3.7,-6.9,0.9,Weekday,Winter,2024,cold
1110,2024-01-16,-2.1,-7.2,4.3,Weekday,Winter,2024,cold
1111,2024-01-17,0.6,-2.3,1.9,Weekday,Winter,2024,mild
1112,2024-01-18,4.5,1.4,9.4,Weekday,Winter,2024,mild
1113,2024-01-19,5.4,4.0,9.0,Weekday,Winter,2024,mild
1114,2024-01-20,3.4,1.9,4.9,Weekend,Winter,2024,mild
1115,2024-01-21,1.7,-2.4,4.3,Weekend,Winter,2024,mild
1116,2024-01-22,-8.7,-11.9,-2.4,Weekday,Winter,2024,cold
1117,2024-01-23,-11.7,-14.0,-8.2,Weekday,Winter,2024,very_cold
1118,2024-01-24,-8.0,-11.2,-3.7,Weekday,Winter,2024,cold
1119,2024-01-25,-5.3,-9.7,-0.5,Weekday,Winter,2024,cold
1120,2024-01-26,-1.7,-6.9,4.0,Weekday,Winter,2024,cold
1121,2024-01-27,-0.5,-4.6,4.6,Weekend,Winter,2024,cold
1122,2024-01-28,-1.5,-5.0,3.8,Weekend,Winter,2024,cold
1123,2024-01-29,-0.4,-4.8,4.6,Weekday,Winter,2024,cold
1124,2024-01-30,1.4,-4.0,8.1,Weekday,Winter,2024,mild
1125,2024-01-31,4.7,0.7,10.6,Weekday,Winter,2024,mild
1126,2024-02-01,2.4,-1.3,8.2,Weekday,Winter,2024,mild
1127,2024-02-02,3.1,0.7,7.9,Weekday,Winter,2024,mild
1128,2024-02-03,4.7,-0.2,8.3,Weekend,Winter,2024,mild
1129,2024-02-04,7.3,3.7,12.2,Weekend,Winter,2024,mild
1130,2024-02-05,2.7,0.1,6.6,Weekday,Winter,2024,mild
1131,2024-02-06,1.2,0.0,2.9,Weekday,Winter,2024,mild
1132,2024-02-07,0.6,-0.9,2.7,Weekday,Winter,2024,mild
1133,2024-02-08,0.6,-3.0,6.2,Weekday,Winter,2024,mild
1134,2024-02-09,1.1,-2.5,6.1,Weekend,Winter,2024,mild
1135,2024-02-10,1.7,-1.5,7.4,Weekend,Winter,2024,mild
1136,2024-02-11,1.0,-3.1,5.5,Weekend,Winter,2024,mild
1137,2024-02-12,3.5,-2.9,10.5,Weekend,Winter,2024,mild
1138,2024-02-13,8.2,2.0,13.7,Weekday,Winter,2024,mild
1139,2024-02-14,12.9,8.8,18.3,Weekday,Winter,2024,mild
1140,2024-02-15,4.5,0.6,11.6,Weekday,Winter,2024,mild
1141,2024-02-16,2.3,-1.5,8.1,Weekday,Winter,2024,mild
1142,2024-02-17,4.4,-1.2,11.7,Weekend,Winter,2024,mild
1143,2024-02-18,6.2,1.2,9.4,Weekend,Winter,2024,mild
1144,2024-02-19,9.1,4.2,11.9,Weekday,Winter,2024,mild
1145,2024-02-20,4.3,2.8,6.8,Weekday,Winter,2024,mild
1146,2024-02-21,1.9,0.0,4.0,Weekday,Winter,2024,mild
1147,2024-02-22,0.2,-1.1,1.6,Weekday,Winter,2024,mild
1148,2024-02-23,1.8,-1.0,6.1,Weekday,Winter,2024,mild
1149,2024-02-24,2.0,-1.3,5.9,Weekend,Winter,2024,mild
1150,2024-02-25,2.8,0.8,5.9,Weekend,Winter,2024,mild
1151,2024-02-26,3.8,-1.2,9.7,Weekday,Winter,2024,mild
1152,2024-02-27,5.3,1.2,9.8,Weekday,Winter,2024,mild
1153,2024-02-28,6.4,3.2,10.1,Weekday,Winter,2024,mild
1154,2024-02-29,4.8,0.3,9.6,Weekday,Winter,2024,mild
1155,2024-03-01,-4.1,-7.1,0.3,Weekend,Spring,2024,cold
1156,2024-03-02,-0.5,-8.1,4.1,Weekend,Spring,2024,cold
1157,2024-03-03,4.0,0.4,7.8,Weekend,Spring,2024,mild
1158,2024-03-04,5.4,-1.8,11.7,Weekday,Spring,2024,mild
1159,2024-03-05,8.0,5.5,11.0,Weekday,Spring,2024,mild
1160,2024-03-06,6.2,2.5,10.3,Weekday,Spring,2024,mild
1161,2024-03-07,3.9,1.2,8.2,Weekday,Spring,2024,mild
1162,2024-03-08,2.1,-0.7,6.5,Weekday,Spring,2024,mild
1163,2024-03-09,2.0,-2.1,7.1,Weekend,Spring,2024,mild
1164,2024-03-10,4.2,-1.8,10.6,Weekend,Spring,2024,mild
1165,2024-03-11,6.2,2.0,10.8,Weekday,Spring,2024,mild
1166,2024-03-12,6.6,4.4,10.0,Weekday,Spring,2024,mild
1167,2024-03-13,6.5,1.3,12.0,Weekday,Spring,2024,mild
1168,2024-03-14,8.5,3.4,15.4,Weekday,Spring,2024,mild
1169,2024-03-15,8.9,4.0,14.5,Weekday,Spring,2024,mild
1170,2024-03-16,10.9,4.4,18.3,Weekend,Spring,2024,mild
1171,2024-03-17,8.8,5.4,12.2,Weekend,Spring,2024,mild
1172,2024-03-18,7.1,1.4,13.2,Weekday,Spring,2024,mild
1173,2024-03-19,6.7,3.9,9.8,Weekday,Spring,2024,mild
1174,2024-03-20,4.4,1.2,8.7,Weekday,Spring,2024,mild
1175,2024-03-21,5.0,-1.2,11.5,Weekday,Spring,2024,mild
1176,2024-03-22,10.4,3.8,15.2,Weekday,Spring,2024,mild
1177,2024-03-23,13.0,9.3,18.2,Weekend,Spring,2024,mild
1178,2024-03-24,16.2,10.5,23.4,Weekend,Spring,2024,warm
1179,2024-03-25,10.6,6.7,14.5,Weekday,Spring,2024,mild
1180,2024-03-26,7.4,3.2,12.4,Weekday,Spring,2024,mild
1181,2024-03-27,10.4,4.4,16.2,Weekday,Spring,2024,mild
1182,2024-03-28,10.3,7.8,12.2,Weekday,Spring,2024,mild
1183,2024-03-29,7.6,5.0,12.3,Weekday,Spring,2024,mild
1184,2024-03-30,8.8,3.0,15.6,Weekend,Spring,2024,mild
1185,2024-03-31,10.6,3.4,17.7,Weekend,Spring,2024,mild
1186,2024-04-01,12.2,5.5,19.0,Weekday,Spring,2024,mild
1187,2024-04-02,15.4,7.0,23.9,Weekday,Spring,2024,warm
1188,2024-04-03,16.6,13.9,19.7,Weekday,Spring,2024,warm
1189,2024-04-04,15.5,12.4,20.3,Weekday,Spring,2024,warm
1190,2024-04-05,14.0,10.2,18.8,Weekday,Spring,2024,mild
1191,2024-04-06,12.7,8.0,18.9,Weekend,Spring,2024,mild
1192,2024-04-07,14.8,7.7,23.4,Weekend,Spring,2024,mild
1193,2024-04-08,16.2,11.0,22.8,Weekday,Spring,2024,warm
1194,2024-04-09,15.3,10.6,20.8,Weekday,Spring,2024,warm
1195,2024-04-10,13.8,10.2,18.5,Weekend,Spring,2024,mild
1196,2024-04-11,15.5,11.7,21.1,Weekday,Spring,2024,warm
1197,2024-04-12,17.2,12.0,24.2,Weekday,Spring,2024,warm
1198,2024-04-13,19.1,11.2,27.3,Weekend,Spring,2024,warm
1199,2024-04-14,20.8,13.6,29.4,Weekend,Spring,2024,warm
1200,2024-04-15,16.0,11.7,20.0,Weekday,Spring,2024,warm
1201,2024-04-16,13.3,11.5,17.9,Weekday,Spring,2024,mild
1202,2024-04-17,15.0,9.7,21.8,Weekday,Spring,2024,warm
1203,2024-04-18,17.3,10.7,24.9,Weekday,Spring,2024,warm
1204,2024-04-19,17.6,11.5,24.3,Weekday,Spring,2024,warm
1205,2024-04-20,14.9,13.0,17.2,Weekend,Spring,2024,mild
1206,2024-04-21,17.2,13.3,21.7,Weekend,Spring,2024,warm
1207,2024-04-22,18.8,15.0,24.1,Weekday,Spring,2024,warm
1208,2024-04-23,17.3,13.2,24.2,Weekday,Spring,2024,warm
1209,2024-04-24,13.2,11.0,16.5,Weekday,Spring,2024,mild
1210,2024-04-25,14.4,10.3,20.8,Weekday,Spring,2024,mild
1211,2024-04-26,17.8,11.4,26.0,Weekday,Spring,2024,warm
1212,2024-04-27,18.2,11.5,26.2,Weekend,Spring,2024,warm
1213,2024-04-28,20.7,13.0,28.9,Weekend,Spring,2024,warm
1214,2024-04-29,20.9,16.9,26.1,Weekday,Spring,2024,warm
1215,2024-04-30,18.6,16.0,22.5,Weekday,Spring,2024,warm
1216,2024-05-01,18.5,13.9,24.0,Weekday,Spring,2024,warm
1217,2024-05-02,18.1,12.4,23.7,Weekday,Spring,2024,warm
1218,2024-05-03,19.7,12.2,27.9,Weekday,Spring,2024,warm
1219,2024-05-04,21.4,14.6,28.5,Weekend,Spring,2024,warm
1220,2024-05-05,17.8,15.7,20.6,Weekend,Spring,2024,warm
1221,2024-05-06,13.9,13.4,15.7,Weekday,Spring,2024,mild
1222,2024-05-07,13.3,12.2,15.0,Weekday,Spring,2024,mild
1223,2024-05-08,14.7,9.0,21.4,Weekday,Spring,2024,mild
1224,2024-05-09,16.1,10.9,21.8,Weekday,Spring,2024,warm
1225,2024-05-10,17.9,12.5,23.8,Weekday,Spring,2024,warm
1226,2024-05-11,17.0,14.0,22.0,Weekend,Spring,2024,warm
1227,2024-05-12,16.6,11.9,21.6,Weekend,Spring,2024,warm
1228,2024-05-13,18.3,11.9,24.5,Weekday,Spring,2024,warm
1229,2024-05-14,18.8,12.7,24.7,Weekday,Spring,2024,warm
1230,2024-05-15,12.6,7.2,18.8,Weekend,Spring,2024,mild
1231,2024-05-16,13.7,6.9,19.8,Weekday,Spring,2024,mild
1232,2024-05-17,18.3,10.8,24.9,Weekday,Spring,2024,warm
1233,2024-05-18,20.7,16.0,26.5,Weekend,Spring,2024,warm
1234,2024-05-19,21.5,15.9,27.9,Weekend,Spring,2024,warm
1235,2024-05-20,19.4,16.8,22.8,Weekday,Spring,2024,warm
1236,2024-05-21,21.7,16.3,28.3,Weekday,Spring,2024,warm
1237,2024-05-22,20.5,16.4,25.5,Weekday,Spring,2024,warm
1238,2024-05-23,20.2,15.8,26.4,Weekday,Spring,2024,warm
1239,2024-05-24,20.1,15.7,24.7,Weekday,Spring,2024,warm
1240,2024-05-25,21.4,18.7,24.7,Weekend,Spring,2024,warm
1241,2024-05-26,19.9,17.0,23.7,Weekend,Spring,2024,warm
1242,2024-05-27,18.5,14.1,22.6,Weekday,Spring,2024,warm
1243,2024-05-28,20.4,14.3,26.1,Weekday,Spring,2024,warm
1244,2024-05-29,21.2,15.4,26.8,Weekday,Spring,2024,warm
1245,2024-05-30,20.7,16.2,24.6,Weekday,Spring,2024,warm
1246,2024-05-31,20.4,16.9,25.4,Weekday,Spring,2024,warm
1247,2024-06-01,20.7,17.5,25.2,Weekend,Summer,2024,warm
1248,2024-06-02,20.4,15.7,25.8,Weekend,Summer,2024,warm
1249,2024-06-03,22.2,15.7,28.7,Weekday,Summer,2024,warm
1250,2024-06-04,22.8,16.3,29.3,Weekday,Summer,2024,warm
1251,2024-06-05,23.6,18.1,30.1,Weekday,Summer,2024,warm
1252,2024-06-06,24.1,19.3,31.4,Weekday,Summer,2024,warm
1253,2024-06-07,23.1,18.3,28.0,Weekday,Summer,2024,warm
1254,2024-06-08,20.3,17.9,25.0,Weekend,Summer,2024,warm
1255,2024-06-09,22.9,17.4,28.8,Weekend,Summer,2024,warm
1256,2024-06-10,24.7,19.0,31.1,Weekday,Summer,2024,warm
1257,2024-06-11,25.4,21.7,31.6,Weekday,Summer,2024,warm
1258,2024-06-12,24.8,19.2,31.8,Weekday,Summer,2024,warm
1259,2024-06-13,26.4,20.0,32.8,Weekday,Summer,2024,warm
1260,2024-06-14,26.3,21.4,33.0,Weekday,Summer,2024,warm
1261,2024-06-15,24.2,21.8,28.2,Weekend,Summer,2024,warm
1262,2024-06-16,24.3,19.9,29.5,Weekend,Summer,2024,warm
1263,2024-06-17,24.8,18.9,30.2,Weekday,Summer,2024,warm
1264,2024-06-18,26.0,20.4,32.9,Weekday,Summer,2024,warm
1265,2024-06-19,28.8,21.4,35.8,Weekday,Summer,2024,warm
1266,2024-06-20,29.4,23.4,35.4,Weekday,Summer,2024,warm
1267,2024-06-21,28.1,22.9,33.9,Weekday,Summer,2024,warm
1268,2024-06-22,24.2,22.6,26.1,Weekend,Summer,2024,warm
1269,2024-06-23,25.1,22.5,30.1,Weekend,Summer,2024,warm
1270,2024-06-24,24.3,21.2,27.9,Weekday,Summer,2024,warm
1271,2024-06-25,22.9,19.1,27.2,Weekday,Summer,2024,warm
1272,2024-06-26,24.9,18.9,31.6,Weekday,Summer,2024,warm
1273,2024-06-27,26.3,20.6,31.6,Weekday,Summer,2024,warm
1274,2024-06-28,26.6,21.3,32.5,Weekday,Summer,2024,warm
1275,2024-06-29,26.7,21.6,32.3,Weekend,Summer,2024,warm
1276,2024-06-30,23.5,22.0,24.9,Weekend,Summer,2024,warm
1277,2024-07-01,26.3,22.0,31.3,Weekday,Summer,2024,warm
1278,2024-07-02,23.2,21.9,25.2,Weekday,Summer,2024,warm
1279,2024-07-03,24.7,23.6,25.9,Weekday,Summer,2024,warm
1280,2024-07-04,26.8,23.2,30.6,Weekday,Summer,2024,warm
1281,2024-07-05,23.4,21.3,26.1,Weekday,Summer,2024,warm
1282,2024-07-06,25.1,22.1,30.0,Weekend,Summer,2024,warm
1283,2024-07-07,24.4,21.5,28.2,Weekend,Summer,2024,warm
1284,2024-07-08,23.8,23.1,24.5,Weekday,Summer,2024,warm
1285,2024-07-09,24.5,22.7,26.7,Weekday,Summer,2024,warm
1286,2024-07-10,26.6,22.7,31.1,Weekday,Summer,2024,warm
1287,2024-07-11,25.7,23.3,28.9,Weekday,Summer,2024,warm
1288,2024-07-12,25.6,21.8,30.2,Weekday,Summer,2024,warm
1289,2024-07-13,28.1,23.5,33.3,Weekend,Summer,2024,warm
1290,2024-07-14,28.4,24.9,32.1,Weekend,Summer,2024,warm
1291,2024-07-15,28.4,24.5,31.3,Weekday,Summer,2024,warm
1292,2024-07-16,27.0,24.6,30.7,Weekday,Summer,2024,warm
1293,2024-07-17,25.4,24.1,28.1,Weekday,Summer,2024,warm
1294,2024-07-18,24.3,23.1,25.6,Weekday,Summer,2024,warm
1295,2024-07-19,27.0,24.2,30.8,Weekday,Summer,2024,warm
1296,2024-07-20,27.2,25.1,30.6,Weekend,Summer,2024,warm
1297,2024-07-21,26.5,22.5,29.8,Weekend,Summer,2024,warm
1298,2024-07-22,26.6,24.3,27.9,Weekday,Summer,2024,warm
1299,2024-07-23,26.4,25.8,27.3,Weekday,Summer,2024,warm
1300,2024-07-24,28.1,26.0,30.9,Weekday,Summer,2024,warm
1301,2024-07-25,28.8,25.4,32.2,Weekday,Summer,2024,warm
1302,2024-07-26,28.7,25.2,32.7,Weekday,Summer,2024,warm
1303,2024-07-27,28.9,27.5,31.7,Weekend,Summer,2024,warm
1304,2024-07-28,29.2,27.3,32.2,Weekend,Summer,2024,warm
1305,2024-07-29,27.4,26.8,27.8,Weekday,Summer,2024,warm
1306,2024-07-30,28.6,26.3,31.9,Weekday,Summer,2024,warm
1307,2024-07-31,29.4,27.0,33.3,Weekday,Summer,2024,warm
1308,2024-08-01,29.9,27.3,33.2,Weekday,Summer,2024,warm
1309,2024-08-02,29.6,28.2,32.5,Weekday,Summer,2024,warm
1310,2024-08-03,30.2,27.2,34.2,Weekend,Summer,2024,hot
1311,2024-08-04,31.8,27.3,36.2,Weekend,Summer,2024,hot
1312,2024-08-05,30.0,26.9,33.7,Weekday,Summer,2024,hot
1313,2024-08-06,29.5,25.6,33.5,Weekday,Summer,2024,warm
1314,2024-08-07,29.6,27.2,33.4,Weekday,Summer,2024,warm
1315,2024-08-08,28.5,26.9,31.6,Weekday,Summer,2024,warm
1316,2024-08-09,29.3,25.6,33.6,Weekday,Summer,2024,warm
1317,2024-08-10,30.0,26.4,33.6,Weekend,Summer,2024,hot
1318,2024-08-11,30.8,27.8,34.4,Weekend,Summer,2024,hot
1319,2024-08-12,31.1,28.2,34.1,Weekday,Summer,2024,hot
1320,2024-08-13,31.3,28.1,36.4,Weekday,Summer,2024,hot
1321,2024-08-14,30.0,27.3,34.9,Weekday,Summer,2024,hot
1322,2024-08-15,29.2,26.7,34.6,Weekend,Summer,2024,warm
1323,2024-08-16,29.8,26.8,34.3,Weekday,Summer,2024,warm
1324,2024-08-17,29.8,27.2,34.0,Weekend,Summer,2024,warm
1325,2024-08-18,29.5,27.0,33.9,Weekend,Summer,2024,warm
1326,2024-08-19,29.7,26.3,35.3,Weekday,Summer,2024,warm
1327,2024-08-20,31.4,27.0,35.4,Weekday,Summer,2024,hot
1328,2024-08-21,28.4,26.9,30.8,Weekday,Summer,2024,warm
1329,2024-08-22,28.6,27.1,30.3,Weekday,Summer,2024,warm
1330,2024-08-23,28.4,26.4,31.8,Weekday,Summer,2024,warm
1331,2024-08-24,27.6,25.1,30.9,Weekend,Summer,2024,warm
1332,2024-08-25,28.5,24.9,32.7,Weekend,Summer,2024,warm
1333,2024-08-26,28.1,25.6,30.6,Weekday,Summer,2024,warm
1334,2024-08-27,26.5,24.6,30.3,Weekday,Summer,2024,warm
1335,2024-08-28,28.2,23.0,33.2,Weekday,Summer,2024,warm
1336,2024-08-29,28.4,23.4,33.5,Weekday,Summer,2024,warm
1337,2024-08-30,28.0,23.7,32.9,Weekday,Summer,2024,warm
1338,2024-08-31,27.6,22.6,33.0,Weekend,Summer,2024,warm
1339,2024-09-01,27.1,24.6,31.6,Weekend,Fall,2024,warm
1340,2024-09-02,24.5,22.2,26.9,Weekday,Fall,2024,warm
1341,2024-09-03,27.0,23.2,32.0,Weekday,Fall,2024,warm
1342,2024-09-04,27.9,23.2,33.3,Weekday,Fall,2024,warm
1343,2024-09-05,26.3,25.6,28.8,Weekday,Fall,2024,warm
1344,2024-09-06,24.0,23.3,25.7,Weekday,Fall,2024,warm
1345,2024-09-07,26.5,22.8,31.3,Weekend,Fall,2024,warm
1346,2024-09-08,27.2,22.6,32.8,Weekend,Fall,2024,warm
1347,2024-09-09,28.5,24.1,34.1,Weekday,Fall,2024,warm
1348,2024-09-10,29.4,25.6,33.9,Weekday,Fall,2024,warm
1349,2024-09-11,29.0,25.4,34.6,Weekday,Fall,2024,warm
1350,2024-09-12,25.4,24.8,27.1,Weekday,Fall,2024,warm
1351,2024-09-13,25.9,24.2,28.0,Weekday,Fall,2024,warm
1352,2024-09-14,28.0,25.2,32.2,Weekend,Fall,2024,warm
1353,2024-09-15,27.5,24.2,32.4,Weekend,Fall,2024,warm
1354,2024-09-16,26.8,21.3,32.2,Weekend,Fall,2024,warm
1355,2024-09-17,28.6,25.8,33.2,Weekend,Fall,2024,warm
1356,2024-09-18,29.4,26.5,33.6,Weekend,Fall,2024,warm
1357,2024-09-19,29.1,25.6,32.6,Weekday,Fall,2024,warm
1358,2024-09-20,25.0,17.9,28.6,Weekday,Fall,2024,warm
1359,2024-09-21,19.3,17.1,21.9,Weekend,Fall,2024,warm
1360,2024-09-22,21.0,16.9,26.7,Weekend,Fall,2024,warm
1361,2024-09-23,20.8,16.6,26.1,Weekday,Fall,2024,warm
1362,2024-09-24,21.0,15.6,26.9,Weekday,Fall,2024,warm
1363,2024-09-25,23.3,18.6,27.3,Weekday,Fall,2024,warm
1364,2024-09-26,23.6,21.1,28.0,Weekday,Fall,2024,warm
1365,2024-09-27,22.7,19.1,28.0,Weekday,Fall,2024,warm
1366,2024-09-28,23.2,19.2,27.9,Weekend,Fall,2024,warm
1367,2024-09-29,23.5,19.1,29.0,Weekend,Fall,2024,warm
1368,2024-09-30,23.0,18.3,28.5,Weekday,Fall,2024,warm
1369,2024-10-01,18.3,13.3,21.7,Weekend,Fall,2024,warm
1370,2024-10-02,14.9,11.6,19.9,Weekday,Fall,2024,mild
1371,2024-10-03,16.4,10.8,22.5,Weekend,Fall,2024,warm
1372,2024-10-04,17.6,11.9,24.2,Weekday,Fall,2024,warm
1373,2024-10-05,17.5,11.6,24.4,Weekend,Fall,2024,warm
1374,2024-10-06,15.4,12.3,17.9,Weekend,Fall,2024,warm
1375,2024-10-07,16.9,14.0,20.7,Weekday,Fall,2024,warm
1376,2024-10-08,17.7,12.7,23.9,Weekday,Fall,2024,warm
1377,2024-10-09,18.8,13.9,24.4,Weekend,Fall,2024,warm
1378,2024-10-10,18.8,15.3,24.1,Weekday,Fall,2024,warm
1379,2024-10-11,18.6,13.9,24.4,Weekday,Fall,2024,warm
1380,2024-10-12,18.3,13.4,24.7,Weekend,Fall,2024,warm
1381,2024-10-13,18.3,12.6,22.6,Weekend,Fall,2024,warm
1382,2024-10-14,19.3,17.6,21.5,Weekday,Fall,2024,warm
1383,2024-10-15,19.2,17.6,21.9,Weekday,Fall,2024,warm
1384,2024-10-16,18.2,14.4,24.2,Weekday,Fall,2024,warm
1385,2024-10-17,19.0,13.8,25.7,Weekday,Fall,2024,warm
1386,2024-10-18,17.4,16.2,18.8,Weekday,Fall,2024,warm
1387,2024-10-19,16.6,12.4,21.1,Weekend,Fall,2024,warm
1388,2024-10-20,13.4,10.5,17.8,Weekend,Fall,2024,mild
1389,2024-10-21,14.8,9.7,19.3,Weekday,Fall,2024,mild
1390,2024-10-22,15.5,14.9,16.6,Weekday,Fall,2024,warm
1391,2024-10-23,12.7,9.4,15.5,Weekday,Fall,2024,mild
1392,2024-10-24,12.5,7.1,18.4,Weekday,Fall,2024,mild
1393,2024-10-25,14.9,8.7,21.5,Weekday,Fall,2024,mild
1394,2024-10-26,17.0,10.7,24.0,Weekend,Fall,2024,warm
1395,2024-10-27,16.0,14.0,18.8,Weekend,Fall,2024,warm
1396,2024-10-28,15.7,12.3,20.4,Weekday,Fall,2024,warm
1397,2024-10-29,15.0,13.4,18.3,Weekday,Fall,2024,warm
1398,2024-10-30,15.7,11.4,21.4,Weekday,Fall,2024,warm
