date,fine_dust(㎍/㎥),grade,day_type,season,year
2021-01-01,36.0,normal,weekend,Winter,2021
2021-01-02,43.0,normal,weekend,Winter,2021
2021-01-03,47.0,normal,weekend,Winter,2021
2021-01-04,50.0,normal,weekday,Winter,2021
2021-01-05,37.0,normal,weekday,Winter,2021
2021-01-06,30.0,good,weekday,Winter,2021
2021-01-07,56.0,normal,weekday,Winter,2021
2021-01-08,27.0,good,weekday,Winter,2021
2021-01-09,33.0,normal,weekend,Winter,2021
2021-01-10,48.0,normal,weekend,Winter,2021
2021-01-11,63.0,normal,weekday,Winter,2021
2021-01-12,88.0,bad,weekday,Winter,2021
2021-01-13,146.0,bad,weekday,Winter,2021
2021-01-14,100.0,bad,weekday,Winter,2021
2021-01-15,109.0,bad,weekday,Winter,2021
2021-01-16,69.0,normal,weekend,Winter,2021
2021-01-17,29.0,good,weekend,Winter,2021
2021-01-18,53.0,normal,weekday,Winter,2021
2021-01-19,43.0,normal,weekday,Winter,2021
2021-01-20,59.0,normal,weekday,Winter,2021
2021-01-21,72.0,normal,weekday,Winter,2021
2021-01-22,71.0,normal,weekday,Winter,2021
2021-01-24,20.0,good,weekend,Winter,2021
2021-01-25,34.0,normal,weekday,Winter,2021
2021-01-26,70.0,normal,weekday,Winter,2021
2021-01-27,50.0,normal,weekday,Winter,2021
2021-01-28,51.0,normal,weekday,Winter,2021
2021-01-29,32.0,normal,weekday,Winter,2021
2021-01-30,74.0,normal,weekend,Winter,2021
2021-01-31,75.0,normal,weekend,Winter,2021
2021-02-01,99.0,bad,weekday,Winter,2021
2021-02-02,39.0,normal,weekday,Winter,2021
2021-02-03,49.0,normal,weekday,Winter,2021
2021-02-04,35.0,normal,weekday,Winter,2021
2021-02-05,41.0,normal,weekday,Winter,2021
2021-02-06,108.0,bad,weekend,Winter,2021
2021-02-07,118.0,bad,weekend,Winter,2021
2021-02-08,34.0,normal,weekday,Winter,2021
2021-02-09,31.0,normal,weekday,Winter,2021
2021-02-10,56.0,normal,weekday,Winter,2021
2021-02-11,106.0,bad,weekend,Winter,2021
2021-02-12,123.0,bad,weekend,Winter,2021
2021-02-13,116.0,bad,weekend,Winter,2021
2021-02-14,115.0,bad,weekend,Winter,2021
2021-02-15,78.0,normal,weekday,Winter,2021
2021-02-16,36.0,normal,weekday,Winter,2021
2021-02-17,64.0,normal,weekday,Winter,2021
2021-02-18,58.0,normal,weekday,Winter,2021
2021-02-19,67.0,normal,weekday,Winter,2021
2021-02-20,99.0,bad,weekend,Winter,2021
2021-02-21,108.0,bad,weekend,Winter,2021
2021-02-22,69.0,normal,weekday,Winter,2021
2021-02-23,69.0,normal,weekday,Winter,2021
2021-02-24,66.0,normal,weekday,Winter,2021
2021-02-25,73.0,normal,weekday,Winter,2021
2021-02-26,42.0,normal,weekday,Winter,2021
2021-02-27,23.0,good,weekend,Winter,2021
2021-02-28,32.0,normal,weekend,Winter,2021
2021-03-01,57.39710144927536,,weekend,Spring,2021
2021-03-02,18.0,good,weekday,Spring,2021
2021-03-03,57.0,normal,weekday,Spring,2021
2021-03-04,66.0,normal,weekday,Spring,2021
2021-03-05,56.0,normal,weekday,Spring,2021
2021-03-06,39.0,normal,weekend,Spring,2021
2021-03-07,37.0,normal,weekend,Spring,2021
2021-03-08,55.0,normal,weekday,Spring,2021
2021-03-09,63.0,normal,weekday,Spring,2021
2021-03-10,129.0,bad,weekday,Spring,2021
2021-03-11,156.0,very_bad,weekday,Spring,2021
2021-03-12,89.0,bad,weekday,Spring,2021
2021-03-13,74.0,normal,weekend,Spring,2021
2021-03-14,117.0,bad,weekend,Spring,2021
2021-03-15,128.0,bad,weekday,Spring,2021
2021-03-16,129.0,bad,weekday,Spring,2021
2021-03-17,121.0,bad,weekday,Spring,2021
2021-03-18,132.0,bad,weekday,Spring,2021
2021-03-19,85.0,bad,weekday,Spring,2021
2021-03-20,46.0,normal,weekend,Spring,2021
2021-03-21,58.0,normal,weekend,Spring,2021
2021-03-22,50.0,normal,weekday,Spring,2021
2021-03-23,108.0,bad,weekday,Spring,2021
2021-03-24,89.0,bad,weekday,Spring,2021
2021-03-25,95.0,bad,weekday,Spring,2021
2021-03-26,159.0,very_bad,weekday,Spring,2021
2021-03-27,107.0,bad,weekend,Spring,2021
2021-03-29,389.0,very_bad,weekday,Spring,2021
2021-03-30,189.0,very_bad,weekday,Spring,2021
2021-03-31,50.0,normal,weekday,Spring,2021
2021-04-01,52.0,normal,weekday,Spring,2021
2021-04-02,57.0,normal,weekday,Spring,2021
2021-04-03,51.0,normal,weekend,Spring,2021
2021-04-05,30.0,good,weekday,Spring,2021
2021-04-06,54.0,normal,weekday,Spring,2021
2021-04-07,72.0,normal,weekday,Spring,2021
2021-04-08,41.0,normal,weekday,Spring,2021
2021-04-09,42.0,normal,weekday,Spring,2021
2021-04-10,45.0,normal,weekend,Spring,2021
2021-04-11,59.0,normal,weekend,Spring,2021
2021-04-12,62.0,normal,weekday,Spring,2021
2021-04-13,24.0,good,weekday,Spring,2021
2021-04-14,50.0,normal,weekday,Spring,2021
2021-04-15,71.0,normal,weekday,Spring,2021
2021-04-16,103.0,bad,weekday,Spring,2021
2021-04-17,105.0,bad,weekend,Spring,2021
2021-04-18,50.0,normal,weekend,Spring,2021
2021-04-19,69.0,normal,weekday,Spring,2021
2021-04-20,78.0,normal,weekday,Spring,2021
2021-04-21,81.0,bad,weekday,Spring,2021
2021-04-22,78.0,normal,weekday,Spring,2021
2021-04-23,41.0,normal,weekday,Spring,2021
2021-04-24,24.0,good,weekend,Spring,2021
2021-04-25,26.0,good,weekend,Spring,2021
2021-04-26,29.0,good,weekday,Spring,2021
2021-04-27,35.0,normal,weekday,Spring,2021
2021-04-28,58.0,normal,weekday,Spring,2021
2021-04-29,59.0,normal,weekday,Spring,2021
2021-04-30,40.0,normal,weekday,Spring,2021
2021-05-01,33.0,normal,weekend,Spring,2021
2021-05-02,19.0,good,weekend,Spring,2021
2021-05-03,41.0,normal,weekday,Spring,2021
2021-05-04,36.0,normal,weekday,Spring,2021
2021-05-05,38.0,normal,weekend,Spring,2021
2021-05-06,56.0,normal,weekday,Spring,2021
2021-05-07,298.0,very_bad,weekday,Spring,2021
2021-05-08,384.0,very_bad,weekend,Spring,2021
2021-05-09,47.0,normal,weekend,Spring,2021
2021-05-10,26.0,good,weekday,Spring,2021
2021-05-11,24.0,good,weekday,Spring,2021
2021-05-12,24.0,good,weekday,Spring,2021
2021-05-13,46.0,normal,weekday,Spring,2021
2021-05-14,58.0,normal,weekday,Spring,2021
2021-05-15,66.0,normal,weekend,Spring,2021
2021-05-16,14.0,good,weekend,Spring,2021
2021-05-17,16.0,good,weekday,Spring,2021
2021-05-18,39.0,normal,weekday,Spring,2021
2021-05-19,41.0,normal,weekend,Spring,2021
2021-05-20,27.0,good,weekday,Spring,2021
2021-05-21,22.0,good,weekday,Spring,2021
2021-05-22,40.0,normal,weekend,Spring,2021
2021-05-23,52.0,normal,weekend,Spring,2021
2021-05-24,110.0,bad,weekday,Spring,2021
2021-05-25,86.0,bad,weekday,Spring,2021
2021-05-26,44.0,normal,weekday,Spring,2021
2021-05-27,53.0,normal,weekday,Spring,2021
2021-05-29,31.0,normal,weekend,Spring,2021
2021-05-31,59.0,normal,weekday,Spring,2021
2021-06-01,52.0,normal,weekday,Summer,2021
2021-06-02,62.0,normal,weekday,Summer,2021
2021-06-03,45.0,normal,weekday,Summer,2021
2021-06-04,34.0,normal,weekday,Summer,2021
2021-06-05,57.0,normal,weekend,Summer,2021
2021-06-06,72.0,normal,weekend,Summer,2021
2021-06-07,43.0,normal,weekday,Summer,2021
2021-06-08,57.0,normal,weekday,Summer,2021
2021-06-09,44.0,normal,weekday,Summer,2021
2021-06-10,59.0,normal,weekday,Summer,2021
2021-06-11,29.0,good,weekday,Summer,2021
2021-06-12,34.0,normal,weekend,Summer,2021
2021-06-13,36.0,normal,weekend,Summer,2021
2021-06-14,54.0,normal,weekday,Summer,2021
2021-06-15,40.0,normal,weekday,Summer,2021
2021-06-16,19.0,good,weekday,Summer,2021
2021-06-17,26.0,good,weekday,Summer,2021
2021-06-18,32.0,normal,weekday,Summer,2021
2021-06-19,65.0,normal,weekend,Summer,2021
2021-06-20,65.0,normal,weekend,Summer,2021
2021-06-21,56.0,normal,weekday,Summer,2021
2021-06-22,33.0,normal,weekday,Summer,2021
2021-06-23,22.0,good,weekday,Summer,2021
2021-06-24,40.0,normal,weekday,Summer,2021
2021-06-25,52.0,normal,weekday,Summer,2021
2021-06-26,32.0,normal,weekend,Summer,2021
2021-06-27,26.0,good,weekend,Summer,2021
2021-06-28,28.0,good,weekday,Summer,2021
2021-06-29,38.0,normal,weekday,Summer,2021
2021-06-30,53.0,normal,weekday,Summer,2021
2021-07-01,42.0,normal,weekday,Summer,2021
2021-07-02,27.0,good,weekday,Summer,2021
2021-07-03,16.0,good,weekend,Summer,2021
2021-07-04,15.0,good,weekend,Summer,2021
2021-07-05,29.0,good,weekday,Summer,2021
2021-07-06,50.0,normal,weekday,Summer,2021
2021-07-07,57.0,normal,weekday,Summer,2021
2021-07-08,33.0,normal,weekday,Summer,2021
2021-07-09,21.0,good,weekday,Summer,2021
2021-07-10,37.0,normal,weekend,Summer,2021
2021-07-11,43.0,normal,weekend,Summer,2021
2021-07-12,32.0,normal,weekday,Summer,2021
2021-07-13,41.0,normal,weekday,Summer,2021
2021-07-14,27.0,good,weekday,Summer,2021
2021-07-15,24.0,good,weekday,Summer,2021
2021-07-16,21.0,good,weekday,Summer,2021
2021-07-17,19.0,good,weekend,Summer,2021
2021-07-18,22.0,good,weekend,Summer,2021
2021-07-19,22.0,good,weekday,Summer,2021
2021-07-20,24.0,good,weekday,Summer,2021
2021-07-21,26.0,good,weekday,Summer,2021
2021-07-22,29.0,good,weekday,Summer,2021
2021-07-23,37.0,normal,weekday,Summer,2021
2021-07-24,37.0,normal,weekend,Summer,2021
2021-07-25,28.0,good,weekend,Summer,2021
2021-07-26,29.0,good,weekday,Summer,2021
2021-07-27,29.0,good,weekday,Summer,2021
2021-07-28,38.0,normal,weekday,Summer,2021
2021-07-29,46.0,normal,weekday,Summer,2021
2021-07-30,30.0,good,weekday,Summer,2021
2021-07-31,25.0,good,weekend,Summer,2021
2021-08-01,40.0,normal,weekend,Summer,2021
2021-08-02,20.0,good,weekday,Summer,2021
2021-08-03,27.0,good,weekday,Summer,2021
2021-08-04,25.0,good,weekday,Summer,2021
2021-08-05,25.0,good,weekday,Summer,2021
2021-08-06,19.0,good,weekday,Summer,2021
2021-08-07,17.0,good,weekend,Summer,2021
2021-08-08,23.0,good,weekend,Summer,2021
2021-08-09,16.0,good,weekday,Summer,2021
2021-08-10,21.0,good,weekday,Summer,2021
2021-08-11,39.0,normal,weekday,Summer,2021
2021-08-12,37.0,normal,weekday,Summer,2021
2021-08-13,29.0,good,weekday,Summer,2021
2021-08-14,16.0,good,weekend,Summer,2021
2021-08-15,18.0,good,weekend,Summer,2021
2021-08-16,23.0,good,weekday,Summer,2021
2021-08-17,22.0,good,weekday,Summer,2021
2021-08-18,19.0,good,weekday,Summer,2021
2021-08-19,18.0,good,weekday,Summer,2021
2021-08-20,24.0,good,weekday,Summer,2021
2021-08-21,23.0,good,weekend,Summer,2021
2021-08-22,28.0,good,weekend,Summer,2021
2021-08-23,36.0,normal,weekday,Summer,2021
2021-08-24,19.0,good,weekday,Summer,2021
2021-08-25,21.0,good,weekday,Summer,2021
2021-08-26,48.0,normal,weekday,Summer,2021
2021-08-27,36.0,normal,weekday,Summer,2021
2021-08-28,45.0,normal,weekend,Summer,2021
2021-08-29,42.0,normal,weekend,Summer,2021
2021-08-30,46.0,normal,weekday,Summer,2021
2021-08-31,37.0,normal,weekday,Summer,2021
2021-09-01,9.0,good,weekday,Fall,2021
2021-09-02,17.0,good,weekday,Fall,2021
2021-09-03,17.0,good,weekday,Fall,2021
2021-09-04,12.0,good,weekend,Fall,2021
2021-09-05,14.0,good,weekend,Fall,2021
2021-09-06,19.0,good,weekday,Fall,2021
2021-09-07,14.0,good,weekday,Fall,2021
2021-09-08,15.0,good,weekday,Fall,2021
2021-09-09,40.0,normal,weekday,Fall,2021
2021-09-10,41.0,normal,weekday,Fall,2021
2021-09-11,36.0,normal,weekend,Fall,2021
2021-09-12,21.0,good,weekend,Fall,2021
2021-09-13,25.0,good,weekday,Fall,2021
2021-09-14,20.0,good,weekday,Fall,2021
2021-09-15,16.0,good,weekday,Fall,2021
2021-09-16,14.0,good,weekday,Fall,2021
2021-09-17,16.0,good,weekday,Fall,2021
2021-09-18,16.0,good,weekend,Fall,2021
2021-09-19,14.0,good,weekend,Fall,2021
2021-09-20,15.0,good,weekday,Fall,2021
2021-09-21,22.0,good,weekend,Fall,2021
2021-09-22,18.0,good,weekend,Fall,2021
2021-09-23,18.0,good,weekday,Fall,2021
2021-09-24,20.0,good,weekday,Fall,2021
2021-09-25,12.0,good,weekend,Fall,2021
2021-09-26,10.0,good,weekend,Fall,2021
2021-09-27,14.0,good,weekday,Fall,2021
2021-09-28,14.0,good,weekday,Fall,2021
2021-09-29,19.0,good,weekday,Fall,2021
2021-09-30,26.0,good,weekday,Fall,2021
2021-10-01,39.0,normal,weekday,Fall,2021
2021-10-03,39.0,normal,weekend,Fall,2021
2021-10-04,36.0,normal,weekend,Fall,2021
2021-10-05,32.0,normal,weekday,Fall,2021
2021-10-06,12.0,good,weekday,Fall,2021
2021-10-07,17.0,good,weekday,Fall,2021
2021-10-08,28.0,good,weekday,Fall,2021
2021-10-09,13.0,good,weekend,Fall,2021
2021-10-10,24.0,good,weekend,Fall,2021
2021-10-11,24.0,good,weekend,Fall,2021
2021-10-12,14.0,good,weekday,Fall,2021
2021-10-13,16.0,good,weekday,Fall,2021
2021-10-14,24.0,good,weekday,Fall,2021
2021-10-15,26.0,good,weekday,Fall,2021
2021-10-16,30.0,good,weekend,Fall,2021
2021-10-17,21.0,good,weekend,Fall,2021
2021-10-18,27.0,good,weekday,Fall,2021
2021-10-19,43.0,normal,weekday,Fall,2021
2021-10-20,33.0,normal,weekday,Fall,2021
2021-10-21,35.0,normal,weekday,Fall,2021
2021-10-22,39.0,normal,weekday,Fall,2021
2021-10-23,39.0,normal,weekend,Fall,2021
2021-10-24,33.0,normal,weekend,Fall,2021
2021-10-25,31.0,normal,weekday,Fall,2021
2021-10-26,57.0,normal,weekday,Fall,2021
2021-10-27,59.0,normal,weekday,Fall,2021
2021-10-28,31.0,normal,weekday,Fall,2021
2021-10-29,22.0,good,weekday,Fall,2021
2021-10-30,25.0,good,weekend,Fall,2021
2021-10-31,40.0,normal,weekend,Fall,2021
2021-11-01,48.0,normal,weekday,Fall,2021
2021-11-02,47.0,normal,weekday,Fall,2021
2021-11-03,49.0,normal,weekday,Fall,2021
2021-11-04,69.0,normal,weekday,Fall,2021
2021-11-05,74.0,normal,weekday,Fall,2021
2021-11-06,63.0,normal,weekend,Fall,2021
2021-11-07,32.0,normal,weekend,Fall,2021
2021-11-08,15.0,good,weekday,Fall,2021
2021-11-09,13.0,good,weekday,Fall,2021
2021-11-10,19.0,good,weekday,Fall,2021
2021-11-11,19.0,good,weekday,Fall,2021
2021-11-12,20.0,good,weekday,Fall,2021
2021-11-13,25.0,good,weekend,Fall,2021
2021-11-14,54.0,normal,weekend,Fall,2021
2021-11-15,50.0,normal,weekday,Fall,2021
2021-11-16,44.0,normal,weekday,Fall,2021
2021-11-17,33.0,normal,weekday,Fall,2021
2021-11-18,57.0,normal,weekday,Fall,2021
2021-11-19,102.0,bad,weekday,Fall,2021
2021-11-20,140.0,bad,weekend,Fall,2021
2021-11-23,23.0,good,weekday,Fall,2021
2021-11-24,25.0,good,weekday,Fall,2021
2021-11-25,40.0,normal,weekday,Fall,2021
2021-11-26,25.0,good,weekday,Fall,2021
2021-11-27,41.0,normal,weekend,Fall,2021
2021-11-28,59.0,normal,weekend,Fall,2021
2021-11-29,66.0,normal,weekday,Fall,2021
2021-11-30,31.0,normal,weekday,Fall,2021
2021-12-01,19.0,good,weekday,Winter,2021
2021-12-02,25.0,good,weekday,Winter,2021
2021-12-03,22.0,good,weekday,Winter,2021
2021-12-04,22.0,good,weekend,Winter,2021
2021-12-05,40.0,normal,weekend,Winter,2021
2021-12-06,49.0,normal,weekday,Winter,2021
2021-12-07,50.0,normal,weekday,Winter,2021
2021-12-08,41.0,normal,weekday,Winter,2021
2021-12-09,37.0,normal,weekday,Winter,2021
2021-12-10,33.0,normal,weekday,Winter,2021
2021-12-11,69.0,normal,weekend,Winter,2021
2021-12-12,42.0,normal,weekend,Winter,2021
2021-12-13,20.0,good,weekday,Winter,2021
2021-12-14,36.0,normal,weekday,Winter,2021
2021-12-15,81.0,bad,weekday,Winter,2021
2021-12-16,85.0,bad,weekday,Winter,2021
2021-12-17,33.0,normal,weekday,Winter,2021
2021-12-18,26.0,good,weekend,Winter,2021
2021-12-19,28.0,good,weekend,Winter,2021
2021-12-20,52.0,normal,weekday,Winter,2021
2021-12-21,59.0,normal,weekday,Winter,2021
2021-12-22,34.0,normal,weekday,Winter,2021
2021-12-23,43.0,normal,weekday,Winter,2021
2021-12-24,54.0,normal,weekday,Winter,2021
2021-12-25,26.0,good,weekend,Winter,2021
2021-12-26,19.0,good,weekend,Winter,2021
2021-12-27,33.0,normal,weekday,Winter,2021
2021-12-28,60.0,normal,weekday,Winter,2021
2021-12-29,70.0,normal,weekday,Winter,2021
2021-12-30,30.0,good,weekday,Winter,2021
2021-12-31,21.0,good,weekday,Winter,2021
2022-01-01,34.0,normal,weekend,Winter,2022
2022-01-02,42.0,normal,weekend,Winter,2022
2022-01-03,28.0,good,weekday,Winter,2022
2022-01-04,37.0,normal,weekday,Winter,2022
2022-01-05,52.0,normal,weekday,Winter,2022
2022-01-06,59.0,normal,weekday,Winter,2022
2022-01-07,65.0,normal,weekday,Winter,2022
2022-01-08,70.0,normal,weekend,Winter,2022
2022-01-09,129.0,bad,weekend,Winter,2022
2022-01-10,97.0,bad,weekday,Winter,2022
2022-01-11,33.0,normal,weekday,Winter,2022
2022-01-12,27.0,good,weekday,Winter,2022
2022-01-13,29.0,good,weekday,Winter,2022
2022-01-14,32.0,normal,weekday,Winter,2022
2022-01-15,52.0,normal,weekend,Winter,2022
2022-01-16,46.0,normal,weekend,Winter,2022
2022-01-17,30.0,good,weekday,Winter,2022
2022-01-18,38.0,normal,weekday,Winter,2022
2022-01-19,56.0,normal,weekday,Winter,2022
2022-01-20,46.0,normal,weekday,Winter,2022
2022-01-21,44.0,normal,weekday,Winter,2022
2022-01-22,68.0,normal,weekend,Winter,2022
2022-01-23,79.0,normal,weekend,Winter,2022
2022-01-24,24.0,good,weekday,Winter,2022
2022-01-25,37.0,normal,weekday,Winter,2022
2022-01-26,66.0,normal,weekday,Winter,2022
2022-01-27,64.0,normal,weekday,Winter,2022
2022-01-28,34.0,normal,weekday,Winter,2022
2022-01-29,32.0,normal,weekend,Winter,2022
2022-01-30,36.0,normal,weekend,Winter,2022
2022-01-31,41.0,normal,weekend,Winter,2022
2022-02-01,52.0,normal,weekend,Winter,2022
2022-02-02,35.0,normal,weekend,Winter,2022
2022-02-03,28.0,good,weekday,Winter,2022
2022-02-04,25.0,good,weekday,Winter,2022
2022-02-05,25.0,good,weekend,Winter,2022
2022-02-06,23.0,good,weekend,Winter,2022
2022-02-07,30.0,good,weekday,Winter,2022
2022-02-08,33.0,normal,weekday,Winter,2022
2022-02-09,44.0,normal,weekday,Winter,2022
2022-02-10,55.0,normal,weekday,Winter,2022
2022-02-11,104.0,bad,weekday,Winter,2022
2022-02-12,97.0,bad,weekend,Winter,2022
2022-02-13,60.0,normal,weekend,Winter,2022
2022-02-14,50.0,normal,weekday,Winter,2022
2022-02-16,32.0,normal,weekday,Winter,2022
2022-02-17,34.0,normal,weekday,Winter,2022
2022-02-18,51.0,normal,weekday,Winter,2022
2022-02-19,48.0,normal,weekend,Winter,2022
2022-02-20,36.0,normal,weekend,Winter,2022
2022-02-21,33.0,normal,weekday,Winter,2022
2022-02-22,34.0,normal,weekday,Winter,2022
2022-02-23,30.0,good,weekday,Winter,2022
2022-02-24,33.0,normal,weekday,Winter,2022
2022-02-25,69.0,normal,weekday,Winter,2022
2022-02-26,61.0,normal,weekend,Winter,2022
2022-02-27,52.0,normal,weekend,Winter,2022
2022-02-28,46.0,normal,weekday,Winter,2022
2022-03-01,34.0,normal,weekend,Spring,2022
2022-03-02,30.0,good,weekday,Spring,2022
2022-03-03,48.0,normal,weekday,Spring,2022
2022-03-04,88.0,bad,weekday,Spring,2022
2022-03-05,111.0,bad,weekend,Spring,2022
2022-03-06,49.0,normal,weekend,Spring,2022
2022-03-08,58.0,normal,weekday,Spring,2022
2022-03-09,63.0,normal,weekend,Spring,2022
2022-03-10,65.0,normal,weekday,Spring,2022
2022-03-11,70.0,normal,weekday,Spring,2022
2022-03-12,67.0,normal,weekend,Spring,2022
2022-03-13,15.0,good,weekend,Spring,2022
2022-03-15,43.0,normal,weekday,Spring,2022
2022-03-16,65.0,normal,weekday,Spring,2022
2022-03-17,59.0,normal,weekday,Spring,2022
2022-03-20,25.0,good,weekend,Spring,2022
2022-03-21,32.0,normal,weekday,Spring,2022
2022-03-22,39.0,normal,weekday,Spring,2022
2022-03-23,33.0,normal,weekday,Spring,2022
2022-03-24,45.0,normal,weekday,Spring,2022
2022-03-25,64.0,normal,weekday,Spring,2022
2022-03-27,35.0,normal,weekend,Spring,2022
2022-03-28,39.0,normal,weekday,Spring,2022
2022-03-29,40.0,normal,weekday,Spring,2022
2022-03-30,36.0,normal,weekday,Spring,2022
2022-03-31,24.0,good,weekday,Spring,2022
2022-04-02,34.0,normal,weekend,Spring,2022
2022-04-03,45.0,normal,weekend,Spring,2022
2022-04-04,50.0,normal,weekday,Spring,2022
2022-04-05,41.0,normal,weekday,Spring,2022
2022-04-06,50.0,normal,weekday,Spring,2022
2022-04-07,40.0,normal,weekday,Spring,2022
2022-04-08,54.0,normal,weekday,Spring,2022
2022-04-09,58.0,normal,weekend,Spring,2022
2022-04-10,51.0,normal,weekend,Spring,2022
2022-04-11,36.0,normal,weekday,Spring,2022
2022-04-12,27.0,good,weekday,Spring,2022
2022-04-13,13.0,good,weekday,Spring,2022
2022-04-14,14.0,good,weekday,Spring,2022
2022-04-16,39.0,normal,weekend,Spring,2022
2022-04-17,47.0,normal,weekend,Spring,2022
2022-04-18,50.0,normal,weekday,Spring,2022
2022-04-19,60.0,normal,weekday,Spring,2022
2022-04-20,59.0,normal,weekday,Spring,2022
2022-04-21,43.0,normal,weekday,Spring,2022
2022-04-22,52.0,normal,weekday,Spring,2022
2022-04-23,53.0,normal,weekend,Spring,2022
2022-04-24,50.0,normal,weekend,Spring,2022
2022-04-25,44.0,normal,weekday,Spring,2022
2022-04-26,47.0,normal,weekday,Spring,2022
2022-04-27,169.0,very_bad,weekday,Spring,2022
2022-04-28,77.0,normal,weekday,Spring,2022
2022-04-30,25.0,good,weekend,Spring,2022
2022-05-01,48.0,normal,weekend,Spring,2022
2022-05-02,45.0,normal,weekday,Spring,2022
2022-05-03,40.0,normal,weekday,Spring,2022
2022-05-04,42.0,normal,weekday,Spring,2022
2022-05-05,34.0,normal,weekend,Spring,2022
2022-05-06,38.0,normal,weekday,Spring,2022
2022-05-07,31.0,normal,weekend,Spring,2022
2022-05-08,20.0,good,weekend,Spring,2022
2022-05-09,20.0,good,weekday,Spring,2022
2022-05-10,29.0,good,weekday,Spring,2022
2022-05-11,30.0,good,weekday,Spring,2022
2022-05-12,34.0,normal,weekday,Spring,2022
2022-05-13,30.0,good,weekday,Spring,2022
2022-05-14,35.0,normal,weekend,Spring,2022
2022-05-15,27.0,good,weekend,Spring,2022
2022-05-16,33.0,normal,weekday,Spring,2022
2022-05-17,56.0,normal,weekday,Spring,2022
2022-05-18,60.0,normal,weekday,Spring,2022
2022-05-19,46.0,normal,weekday,Spring,2022
2022-05-20,38.0,normal,weekday,Spring,2022
2022-05-21,36.0,normal,weekend,Spring,2022
2022-05-22,39.0,normal,weekend,Spring,2022
2022-05-23,69.0,normal,weekday,Spring,2022
2022-05-24,35.0,normal,weekday,Spring,2022
2022-05-25,25.0,good,weekday,Spring,2022
2022-05-26,26.0,good,weekday,Spring,2022
2022-05-27,26.0,good,weekday,Spring,2022
2022-05-28,35.0,normal,weekend,Spring,2022
2022-05-29,31.0,normal,weekend,Spring,2022
2022-05-30,28.0,good,weekday,Spring,2022
2022-05-31,28.0,good,weekday,Spring,2022
2022-06-01,26.0,good,weekday,Summer,2022
2022-06-02,29.0,good,weekday,Summer,2022
2022-06-03,41.0,normal,weekday,Summer,2022
2022-06-04,38.0,normal,weekend,Summer,2022
2022-06-05,24.0,good,weekend,Summer,2022
2022-06-06,28.0625,,weekend,Summer,2022
2022-06-08,19.0,good,weekday,Summer,2022
2022-06-09,24.0,good,weekday,Summer,2022
2022-06-10,27.0,good,weekday,Summer,2022
2022-06-11,28.0,good,weekend,Summer,2022
2022-06-12,25.0,good,weekend,Summer,2022
2022-06-13,27.0,good,weekday,Summer,2022
2022-06-14,13.0,good,weekday,Summer,2022
2022-06-15,14.0,good,weekday,Summer,2022
2022-06-16,18.0,good,weekday,Summer,2022
2022-06-17,25.0,good,weekday,Summer,2022
2022-06-18,21.0,good,weekend,Summer,2022
2022-06-19,26.0,good,weekend,Summer,2022
2022-06-20,25.0,good,weekday,Summer,2022
2022-06-21,29.0,good,weekday,Summer,2022
2022-06-22,28.0,good,weekday,Summer,2022
2022-06-23,27.0,good,weekday,Summer,2022
2022-06-25,47.0,normal,weekend,Summer,2022
2022-06-26,23.0,good,weekend,Summer,2022
2022-06-27,12.0,good,weekday,Summer,2022
2022-06-28,18.0,good,weekday,Summer,2022
2022-06-29,14.0,good,weekday,Summer,2022
2022-07-01,20.0,good,weekday,Summer,2022
2022-07-02,29.0,good,weekend,Summer,2022
2022-07-03,36.0,normal,weekend,Summer,2022
2022-07-04,38.0,normal,weekday,Summer,2022
2022-07-05,34.0,normal,weekday,Summer,2022
2022-07-06,32.0,normal,weekday,Summer,2022
2022-07-07,22.0,good,weekday,Summer,2022
2022-07-08,22.0,good,weekday,Summer,2022
2022-07-09,23.0,good,weekend,Summer,2022
2022-07-10,41.0,normal,weekend,Summer,2022
2022-07-11,26.0,good,weekday,Summer,2022
2022-07-12,14.0,good,weekday,Summer,2022
2022-07-13,16.0,good,weekday,Summer,2022
2022-07-14,14.0,good,weekday,Summer,2022
2022-07-15,25.0,good,weekday,Summer,2022
2022-07-16,27.0,good,weekend,Summer,2022
2022-07-17,26.0,good,weekend,Summer,2022
2022-07-18,26.0,good,weekday,Summer,2022
2022-07-19,34.0,normal,weekday,Summer,2022
2022-07-20,31.0,normal,weekday,Summer,2022
2022-07-21,13.0,good,weekday,Summer,2022
2022-07-22,29.0,good,weekday,Summer,2022
2022-07-23,33.0,normal,weekend,Summer,2022
2022-07-24,18.0,good,weekend,Summer,2022
2022-07-25,24.0,good,weekday,Summer,2022
2022-07-26,33.0,normal,weekday,Summer,2022
2022-07-27,38.0,normal,weekday,Summer,2022
2022-07-28,28.0,good,weekday,Summer,2022
2022-07-29,25.0,good,weekday,Summer,2022
2022-07-30,23.0,good,weekend,Summer,2022
2022-07-31,13.0,good,weekend,Summer,2022
2022-08-01,21.0,good,weekday,Summer,2022
2022-08-03,26.0,good,weekday,Summer,2022
2022-08-04,21.0,good,weekday,Summer,2022
2022-08-05,18.0,good,weekday,Summer,2022
2022-08-06,33.0,normal,weekend,Summer,2022
2022-08-07,26.0,good,weekend,Summer,2022
2022-08-10,20.0,good,weekday,Summer,2022
2022-08-11,15.0,good,weekday,Summer,2022
2022-08-12,27.0,good,weekday,Summer,2022
2022-08-13,28.0,good,weekend,Summer,2022
2022-08-14,23.0,good,weekend,Summer,2022
2022-08-15,24.0,good,weekday,Summer,2022
2022-08-16,24.0,good,weekday,Summer,2022
2022-08-17,24.0,good,weekday,Summer,2022
2022-08-18,23.0,good,weekday,Summer,2022
2022-08-19,26.0,good,weekday,Summer,2022
2022-08-20,25.0,good,weekend,Summer,2022
2022-08-21,27.0,good,weekend,Summer,2022
2022-08-22,24.0,good,weekday,Summer,2022
2022-08-23,18.0,good,weekday,Summer,2022
2022-08-24,18.0,good,weekday,Summer,2022
2022-08-25,19.0,good,weekday,Summer,2022
2022-08-26,33.0,normal,weekday,Summer,2022
2022-08-27,20.0,good,weekend,Summer,2022
2022-08-28,18.0,good,weekend,Summer,2022
2022-08-29,13.0,good,weekday,Summer,2022
2022-08-30,8.0,good,weekday,Summer,2022
2022-08-31,11.0,good,weekday,Summer,2022
2022-09-01,19.0,good,weekday,Fall,2022
2022-09-02,18.0,good,weekday,Fall,2022
2022-09-03,13.0,good,weekend,Fall,2022
2022-09-04,12.0,good,weekend,Fall,2022
2022-09-07,31.0,normal,weekday,Fall,2022
2022-09-08,30.0,good,weekday,Fall,2022
2022-09-09,22.0,good,weekend,Fall,2022
2022-09-10,14.0,good,weekend,Fall,2022
2022-09-11,20.0,good,weekend,Fall,2022
2022-09-12,22.0,good,weekend,Fall,2022
2022-09-13,19.0,good,weekday,Fall,2022
2022-09-14,19.0,good,weekday,Fall,2022
2022-09-15,21.0,good,weekday,Fall,2022
2022-09-16,24.0,good,weekday,Fall,2022
2022-09-17,21.0,good,weekend,Fall,2022
2022-09-18,22.0,good,weekend,Fall,2022
2022-09-19,16.0,good,weekday,Fall,2022
2022-09-20,26.0,good,weekday,Fall,2022
2022-09-21,30.0,good,weekday,Fall,2022
2022-09-22,31.0,normal,weekday,Fall,2022
2022-09-23,26.0,good,weekday,Fall,2022
2022-09-24,20.0,good,weekend,Fall,2022
2022-09-25,24.0,good,weekend,Fall,2022
2022-09-26,27.0,good,weekday,Fall,2022
2022-09-27,27.0,good,weekday,Fall,2022
2022-09-28,36.0,normal,weekday,Fall,2022
2022-09-29,52.0,normal,weekday,Fall,2022
2022-09-30,50.0,normal,weekday,Fall,2022
2022-10-01,48.0,normal,weekend,Fall,2022
2022-10-02,31.0,normal,weekend,Fall,2022
2022-10-03,14.0,good,weekend,Fall,2022
2022-10-04,17.0,good,weekday,Fall,2022
2022-10-05,19.0,good,weekday,Fall,2022
2022-10-07,15.0,good,weekday,Fall,2022
2022-10-09,10.0,good,weekend,Fall,2022
2022-10-10,28.84090909090909,,weekend,Fall,2022
2022-10-11,24.0,good,weekday,Fall,2022
2022-10-12,25.0,good,weekday,Fall,2022
2022-10-13,24.0,good,weekday,Fall,2022
2022-10-14,28.0,good,weekday,Fall,2022
2022-10-15,34.0,normal,weekend,Fall,2022
2022-10-16,38.0,normal,weekend,Fall,2022
2022-10-17,30.0,good,weekday,Fall,2022
2022-10-18,25.0,good,weekday,Fall,2022
2022-10-19,28.0,good,weekday,Fall,2022
2022-10-20,39.0,normal,weekday,Fall,2022
2022-10-21,50.0,normal,weekday,Fall,2022
2022-10-22,35.0,normal,weekend,Fall,2022
2022-10-23,37.0,normal,weekend,Fall,2022
2022-10-24,28.0,good,weekday,Fall,2022
2022-10-27,32.0,normal,weekday,Fall,2022
2022-10-28,43.0,normal,weekday,Fall,2022
2022-10-29,26.0,good,weekend,Fall,2022
2022-10-30,26.0,good,weekend,Fall,2022
2022-10-31,27.0,good,weekday,Fall,2022
2022-11-01,42.0,normal,weekday,Fall,2022
2022-11-02,33.0,normal,weekday,Fall,2022
2022-11-03,28.0,good,weekday,Fall,2022
2022-11-04,27.0,good,weekday,Fall,2022
2022-11-05,34.0,normal,weekend,Fall,2022
2022-11-06,29.0,good,weekend,Fall,2022
2022-11-07,36.0,normal,weekday,Fall,2022
2022-11-08,41.0,normal,weekday,Fall,2022
2022-11-09,65.0,normal,weekday,Fall,2022
2022-11-10,69.0,normal,weekday,Fall,2022
2022-11-11,53.0,normal,weekday,Fall,2022
2022-11-12,45.0,normal,weekend,Fall,2022
2022-11-13,17.0,good,weekend,Fall,2022
2022-11-14,23.0,good,weekday,Fall,2022
2022-11-15,31.0,normal,weekday,Fall,2022
2022-11-16,27.0,good,weekday,Fall,2022
2022-11-17,38.0,normal,weekday,Fall,2022
2022-11-18,38.0,normal,weekday,Fall,2022
2022-11-19,31.0,normal,weekend,Fall,2022
2022-11-20,29.0,good,weekend,Fall,2022
2022-11-21,36.0,normal,weekday,Fall,2022
2022-11-22,53.0,normal,weekday,Fall,2022
2022-11-23,37.0,normal,weekday,Fall,2022
2022-11-24,49.0,normal,weekday,Fall,2022
2022-11-25,52.0,normal,weekday,Fall,2022
2022-11-26,64.0,normal,weekend,Fall,2022
2022-11-27,22.0,good,weekend,Fall,2022
2022-11-28,30.0,good,weekday,Fall,2022
2022-11-29,17.0,good,weekday,Fall,2022
2022-11-30,24.0,good,weekday,Fall,2022
2022-12-01,25.0,good,weekday,Winter,2022
2022-12-02,23.0,good,weekday,Winter,2022
2022-12-03,36.0,normal,weekend,Winter,2022
2022-12-04,16.0,good,weekend,Winter,2022
2022-12-05,22.0,good,weekday,Winter,2022
2022-12-06,30.0,good,weekday,Winter,2022
2022-12-07,37.0,normal,weekday,Winter,2022
2022-12-08,31.0,normal,weekday,Winter,2022
2022-12-09,39.0,normal,weekday,Winter,2022
2022-12-10,37.0,normal,weekend,Winter,2022
2022-12-11,43.0,normal,weekend,Winter,2022
2022-12-12,32.0,normal,weekday,Winter,2022
2022-12-13,247.0,very_bad,weekday,Winter,2022
2022-12-14,59.0,normal,weekday,Winter,2022
2022-12-15,34.0,normal,weekday,Winter,2022
2022-12-16,31.0,normal,weekday,Winter,2022
2022-12-17,25.0,good,weekend,Winter,2022
2022-12-18,23.0,good,weekend,Winter,2022
2022-12-19,23.0,good,weekday,Winter,2022
2022-12-20,33.0,normal,weekday,Winter,2022
2022-12-21,39.0,normal,weekday,Winter,2022
2022-12-22,30.0,good,weekday,Winter,2022
2022-12-23,22.0,good,weekday,Winter,2022
2022-12-24,30.0,good,weekend,Winter,2022
2022-12-25,41.0,normal,weekend,Winter,2022
2022-12-26,46.0,normal,weekday,Winter,2022
2022-12-27,46.0,normal,weekday,Winter,2022
2022-12-28,35.0,normal,weekday,Winter,2022
2022-12-29,30.0,good,weekday,Winter,2022
2022-12-30,34.0,normal,weekday,Winter,2022
2022-12-31,48.0,normal,weekend,Winter,2022
2023-01-01,55.0,normal,weekend,Winter,2023
2023-01-02,26.0,good,weekday,Winter,2023
2023-01-03,30.0,good,weekday,Winter,2023
2023-01-04,35.0,normal,weekday,Winter,2023
2023-01-05,48.0,normal,weekday,Winter,2023
2023-01-06,72.0,normal,weekday,Winter,2023
2023-01-07,126.0,bad,weekend,Winter,2023
2023-01-08,161.0,very_bad,weekend,Winter,2023
2023-01-09,106.0,bad,weekday,Winter,2023
2023-01-10,68.0,normal,weekday,Winter,2023
2023-01-11,75.0,normal,weekday,Winter,2023
2023-01-12,50.0,normal,weekday,Winter,2023
2023-01-13,16.0,good,weekday,Winter,2023
2023-01-16,23.0,good,weekday,Winter,2023
2023-01-17,34.0,normal,weekday,Winter,2023
2023-01-18,58.0,normal,weekday,Winter,2023
2023-01-19,73.0,normal,weekday,Winter,2023
2023-01-20,75.0,normal,weekday,Winter,2023
2023-01-21,28.0,good,weekend,Winter,2023
2023-01-22,30.0,good,weekend,Winter,2023
2023-01-23,60.0,normal,weekend,Winter,2023
2023-01-24,34.0,normal,weekend,Winter,2023
2023-01-25,24.0,good,weekday,Winter,2023
2023-01-26,30.0,good,weekday,Winter,2023
2023-01-27,48.0,normal,weekday,Winter,2023
2023-01-28,43.0,normal,weekend,Winter,2023
2023-01-29,55.0,normal,weekend,Winter,2023
2023-01-30,51.0,normal,weekday,Winter,2023
2023-01-31,42.0,normal,weekday,Winter,2023
2023-02-01,63.0,normal,weekday,Winter,2023
2023-02-02,50.0,normal,weekday,Winter,2023
2023-02-03,43.0,normal,weekday,Winter,2023
2023-02-04,39.0,normal,weekend,Winter,2023
2023-02-05,63.0,normal,weekend,Winter,2023
2023-02-06,70.0,normal,weekday,Winter,2023
2023-02-07,74.0,normal,weekday,Winter,2023
2023-02-08,68.0,normal,weekday,Winter,2023
2023-02-09,35.0,normal,weekday,Winter,2023
2023-02-10,21.0,good,weekday,Winter,2023
2023-02-11,41.0,normal,weekend,Winter,2023
2023-02-12,67.0,normal,weekend,Winter,2023
2023-02-13,31.0,normal,weekday,Winter,2023
2023-02-14,42.0,normal,weekday,Winter,2023
2023-02-15,18.0,good,weekday,Winter,2023
2023-02-16,26.0,good,weekday,Winter,2023
2023-02-17,40.0,normal,weekday,Winter,2023
2023-02-18,76.0,normal,weekend,Winter,2023
2023-02-19,39.0,normal,weekend,Winter,2023
2023-02-20,46.0,normal,weekday,Winter,2023
2023-02-21,34.0,normal,weekday,Winter,2023
2023-02-22,40.0,normal,weekday,Winter,2023
2023-02-23,39.0,normal,weekday,Winter,2023
2023-02-24,44.0,normal,weekday,Winter,2023
2023-02-25,42.0,normal,weekend,Winter,2023
2023-02-26,38.0,normal,weekend,Winter,2023
2023-02-27,47.0,normal,weekday,Winter,2023
2023-02-28,33.0,normal,weekday,Winter,2023
2023-03-01,33.0,normal,weekend,Spring,2023
2023-03-02,61.0,normal,weekday,Spring,2023
2023-03-03,44.0,normal,weekday,Spring,2023
2023-03-04,65.0,normal,weekend,Spring,2023
2023-03-05,61.0,normal,weekend,Spring,2023
2023-03-06,49.0,normal,weekday,Spring,2023
2023-03-07,59.0,normal,weekday,Spring,2023
2023-03-08,61.0,normal,weekday,Spring,2023
2023-03-09,59.0,normal,weekday,Spring,2023
2023-03-10,96.0,bad,weekday,Spring,2023
2023-03-11,104.0,bad,weekend,Spring,2023
2023-03-12,54.0,normal,weekend,Spring,2023
2023-03-13,40.0,normal,weekday,Spring,2023
2023-03-14,47.0,normal,weekday,Spring,2023
2023-03-15,55.0,normal,weekday,Spring,2023
2023-03-16,71.0,normal,weekday,Spring,2023
2023-03-17,46.0,normal,weekday,Spring,2023
2023-03-18,66.0,normal,weekend,Spring,2023
2023-03-19,98.0,bad,weekend,Spring,2023
2023-03-20,78.0,normal,weekday,Spring,2023
2023-03-21,55.0,normal,weekday,Spring,2023
2023-03-22,63.0,normal,weekday,Spring,2023
2023-03-23,129.0,bad,weekday,Spring,2023
2023-03-24,161.0,very_bad,weekday,Spring,2023
2023-03-25,117.0,bad,weekend,Spring,2023
2023-03-26,68.0,normal,weekend,Spring,2023
2023-03-27,51.0,normal,weekday,Spring,2023
2023-03-28,66.0,normal,weekday,Spring,2023
2023-03-29,71.0,normal,weekday,Spring,2023
2023-03-30,91.0,bad,weekday,Spring,2023
2023-03-31,103.0,bad,weekday,Spring,2023
2023-04-01,88.0,bad,weekend,Spring,2023
2023-04-02,52.0,normal,weekend,Spring,2023
2023-04-03,52.0,normal,weekday,Spring,2023
2023-04-04,32.0,normal,weekday,Spring,2023
2023-04-06,63.0,normal,weekday,Spring,2023
2023-04-07,93.0,bad,weekday,Spring,2023
2023-04-08,46.0,normal,weekend,Spring,2023
2023-04-09,67.0,normal,weekend,Spring,2023
2023-04-10,48.0,normal,weekday,Spring,2023
2023-04-11,68.0,normal,weekday,Spring,2023
2023-04-12,333.0,very_bad,weekday,Spring,2023
2023-04-13,226.0,very_bad,weekday,Spring,2023
2023-04-14,109.0,bad,weekday,Spring,2023
2023-04-15,61.0,normal,weekend,Spring,2023
2023-04-16,118.0,bad,weekend,Spring,2023
2023-04-17,117.0,bad,weekday,Spring,2023
2023-04-18,55.0,normal,weekday,Spring,2023
2023-04-19,44.0,normal,weekday,Spring,2023
2023-04-20,15.0,good,weekday,Spring,2023
2023-04-21,64.0,normal,weekday,Spring,2023
2023-04-22,62.0,normal,weekend,Spring,2023
2023-04-23,59.0,normal,weekend,Spring,2023
2023-04-24,60.0,normal,weekday,Spring,2023
2023-04-25,31.0,normal,weekday,Spring,2023
2023-04-26,28.0,good,weekday,Spring,2023
2023-04-27,43.0,normal,weekday,Spring,2023
2023-04-28,38.0,normal,weekday,Spring,2023
2023-04-29,25.0,good,weekend,Spring,2023
2023-04-30,47.0,normal,weekend,Spring,2023
2023-05-01,54.0,normal,weekday,Spring,2023
2023-05-02,39.0,normal,weekday,Spring,2023
2023-05-03,47.0,normal,weekday,Spring,2023
2023-05-04,48.0,normal,weekday,Spring,2023
2023-05-05,57.39710144927536,,weekend,Spring,2023
2023-05-07,36.0,normal,weekend,Spring,2023
2023-05-08,42.0,normal,weekday,Spring,2023
2023-05-09,57.0,normal,weekday,Spring,2023
2023-05-10,59.0,normal,weekday,Spring,2023
2023-05-11,51.0,normal,weekday,Spring,2023
2023-05-12,52.0,normal,weekday,Spring,2023
2023-05-13,38.0,normal,weekend,Spring,2023
2023-05-14,25.0,good,weekend,Spring,2023
2023-05-15,38.0,normal,weekday,Spring,2023
2023-05-16,62.0,normal,weekday,Spring,2023
2023-05-17,37.0,normal,weekday,Spring,2023
2023-05-18,33.0,normal,weekday,Spring,2023
2023-05-19,24.0,good,weekday,Spring,2023
2023-05-20,28.0,good,weekend,Spring,2023
2023-05-21,89.0,bad,weekend,Spring,2023
2023-05-22,148.0,bad,weekday,Spring,2023
2023-05-23,67.0,normal,weekday,Spring,2023
2023-05-24,40.0,normal,weekday,Spring,2023
2023-05-25,37.0,normal,weekday,Spring,2023
2023-05-26,35.0,normal,weekday,Spring,2023
2023-05-27,26.0,good,weekend,Spring,2023
2023-05-28,11.0,good,weekend,Spring,2023
2023-05-29,19.0,good,weekday,Spring,2023
2023-05-30,34.0,normal,weekday,Spring,2023
2023-05-31,31.0,normal,weekday,Spring,2023
2023-06-01,38.0,normal,weekday,Summer,2023
2023-06-02,29.0,good,weekday,Summer,2023
2023-06-03,38.0,normal,weekend,Summer,2023
2023-06-04,39.0,normal,weekend,Summer,2023
2023-06-05,32.0,normal,weekday,Summer,2023
2023-06-06,22.0,good,weekend,Summer,2023
2023-06-07,37.0,normal,weekday,Summer,2023
2023-06-08,22.0,good,weekday,Summer,2023
2023-06-10,34.0,normal,weekend,Summer,2023
2023-06-11,24.0,good,weekend,Summer,2023
2023-06-12,29.0,good,weekday,Summer,2023
2023-06-13,27.0,good,weekday,Summer,2023
2023-06-14,26.0,good,weekday,Summer,2023
2023-06-15,30.0,good,weekday,Summer,2023
2023-06-16,25.0,good,weekday,Summer,2023
2023-06-17,21.0,good,weekend,Summer,2023
2023-06-18,26.0,good,weekend,Summer,2023
2023-06-19,50.0,normal,weekday,Summer,2023
2023-06-20,36.0,normal,weekday,Summer,2023
2023-06-21,11.0,good,weekday,Summer,2023
2023-06-22,23.0,good,weekday,Summer,2023
2023-06-23,33.0,normal,weekday,Summer,2023
2023-06-24,39.0,normal,weekend,Summer,2023
2023-06-25,32.0,normal,weekend,Summer,2023
2023-06-26,16.0,good,weekday,Summer,2023
2023-06-27,18.0,good,weekday,Summer,2023
2023-06-28,33.0,normal,weekday,Summer,2023
2023-06-29,33.0,normal,weekday,Summer,2023
2023-06-30,33.0,normal,weekday,Summer,2023
2023-07-01,27.0,good,weekend,Summer,2023
2023-07-02,21.0,good,weekend,Summer,2023
2023-07-03,33.0,normal,weekday,Summer,2023
2023-07-04,33.0,normal,weekday,Summer,2023
2023-07-05,26.0,good,weekday,Summer,2023
2023-07-06,49.0,normal,weekday,Summer,2023
2023-07-07,47.0,normal,weekday,Summer,2023
2023-07-08,13.0,good,weekend,Summer,2023
2023-07-10,32.0,normal,weekday,Summer,2023
2023-07-11,20.0,good,weekday,Summer,2023
2023-07-12,25.0,good,weekday,Summer,2023
2023-07-13,24.0,good,weekday,Summer,2023
2023-07-14,17.0,good,weekday,Summer,2023
2023-07-15,22.0,good,weekend,Summer,2023
2023-07-16,31.0,normal,weekend,Summer,2023
2023-07-17,27.0,good,weekday,Summer,2023
2023-07-18,21.0,good,weekday,Summer,2023
2023-07-19,32.0,normal,weekday,Summer,2023
2023-07-20,56.0,normal,weekday,Summer,2023
2023-07-21,65.0,normal,weekday,Summer,2023
2023-07-22,33.0,normal,weekend,Summer,2023
2023-07-23,10.0,good,weekend,Summer,2023
2023-07-24,21.0,good,weekday,Summer,2023
2023-07-25,18.0,good,weekday,Summer,2023
2023-07-26,14.0,good,weekday,Summer,2023
2023-07-27,24.0,good,weekday,Summer,2023
2023-07-28,33.0,normal,weekday,Summer,2023
2023-07-29,33.0,normal,weekend,Summer,2023
2023-07-30,19.0,good,weekend,Summer,2023
2023-07-31,32.0,normal,weekday,Summer,2023
2023-08-01,31.0,normal,weekday,Summer,2023
2023-08-02,33.0,normal,weekday,Summer,2023
2023-08-03,23.0,good,weekday,Summer,2023
2023-08-04,22.0,good,weekday,Summer,2023
2023-08-05,20.0,good,weekend,Summer,2023
2023-08-06,23.0,good,weekend,Summer,2023
2023-08-07,11.0,good,weekday,Summer,2023
2023-08-11,19.0,good,weekday,Summer,2023
2023-08-12,18.0,good,weekend,Summer,2023
2023-08-13,29.0,good,weekend,Summer,2023
2023-08-14,40.0,normal,weekday,Summer,2023
2023-08-15,28.0,good,weekday,Summer,2023
2023-08-16,21.0,good,weekday,Summer,2023
2023-08-17,28.0,good,weekday,Summer,2023
2023-08-18,38.0,normal,weekday,Summer,2023
2023-08-19,26.0,good,weekend,Summer,2023
2023-08-20,26.0,good,weekend,Summer,2023
2023-08-21,25.0,good,weekday,Summer,2023
2023-08-22,22.0,good,weekday,Summer,2023
2023-08-23,10.0,good,weekday,Summer,2023
2023-08-24,10.0,good,weekday,Summer,2023
2023-08-25,20.0,good,weekday,Summer,2023
2023-08-26,38.0,normal,weekend,Summer,2023
2023-08-27,29.0,good,weekend,Summer,2023
2023-08-28,14.0,good,weekday,Summer,2023
2023-08-29,16.0,good,weekday,Summer,2023
2023-08-30,19.0,good,weekday,Summer,2023
2023-08-31,21.0,good,weekday,Summer,2023
2023-09-01,26.0,good,weekday,Fall,2023
2023-09-02,30.0,good,weekend,Fall,2023
2023-09-03,21.0,good,weekend,Fall,2023
2023-09-04,20.0,good,weekday,Fall,2023
2023-09-05,19.0,good,weekday,Fall,2023
2023-09-06,19.0,good,weekday,Fall,2023
2023-09-07,18.0,good,weekday,Fall,2023
2023-09-09,32.0,normal,weekend,Fall,2023
2023-09-10,38.0,normal,weekend,Fall,2023
2023-09-11,29.0,good,weekday,Fall,2023
2023-09-12,31.0,normal,weekday,Fall,2023
2023-09-13,23.0,good,weekday,Fall,2023
2023-09-14,10.0,good,weekday,Fall,2023
2023-09-15,10.0,good,weekday,Fall,2023
2023-09-16,11.0,good,weekend,Fall,2023
2023-09-17,17.0,good,weekend,Fall,2023
2023-09-18,19.0,good,weekday,Fall,2023
2023-09-19,28.0,good,weekday,Fall,2023
2023-09-20,22.0,good,weekday,Fall,2023
2023-09-22,25.0,good,weekday,Fall,2023
2023-09-23,19.0,good,weekend,Fall,2023
2023-09-24,13.0,good,weekend,Fall,2023
2023-09-25,14.0,good,weekday,Fall,2023
2023-09-27,12.0,good,weekday,Fall,2023
2023-09-28,49.0,normal,weekend,Fall,2023
2023-09-29,32.0,normal,weekend,Fall,2023
2023-09-30,29.0,good,weekend,Fall,2023
2023-10-01,28.0,good,weekend,Fall,2023
2023-10-02,21.0,good,weekend,Fall,2023
2023-10-03,21.0,good,weekend,Fall,2023
2023-10-04,22.0,good,weekday,Fall,2023
2023-10-05,36.0,normal,weekday,Fall,2023
2023-10-06,27.0,good,weekday,Fall,2023
2023-10-07,24.0,good,weekend,Fall,2023
2023-10-08,12.0,good,weekend,Fall,2023
2023-10-09,16.0,good,weekend,Fall,2023
2023-10-10,29.0,good,weekday,Fall,2023
2023-10-11,27.0,good,weekday,Fall,2023
2023-10-12,30.0,good,weekday,Fall,2023
2023-10-13,38.0,normal,weekday,Fall,2023
2023-10-14,25.0,good,weekend,Fall,2023
2023-10-15,26.0,good,weekend,Fall,2023
2023-10-16,46.0,normal,weekday,Fall,2023
2023-10-17,37.0,normal,weekday,Fall,2023
2023-10-18,33.0,normal,weekday,Fall,2023
2023-10-19,30.0,good,weekday,Fall,2023
2023-10-20,19.0,good,weekday,Fall,2023
2023-10-21,21.0,good,weekend,Fall,2023
2023-10-22,27.0,good,weekend,Fall,2023
2023-10-23,29.0,good,weekday,Fall,2023
2023-10-24,32.0,normal,weekday,Fall,2023
2023-10-25,34.0,normal,weekday,Fall,2023
2023-10-26,46.0,normal,weekday,Fall,2023
2023-10-27,28.0,good,weekday,Fall,2023
2023-10-28,36.0,normal,weekend,Fall,2023
2023-10-29,31.0,normal,weekend,Fall,2023
2023-10-30,40.0,normal,weekday,Fall,2023
2023-10-31,43.0,normal,weekday,Fall,2023
2023-11-01,45.0,normal,weekday,Fall,2023
2023-11-02,37.0,normal,weekday,Fall,2023
2023-11-03,31.0,normal,weekday,Fall,2023
2023-11-04,50.0,normal,weekend,Fall,2023
2023-11-05,17.0,good,weekend,Fall,2023
2023-11-06,18.0,good,weekday,Fall,2023
2023-11-07,20.0,good,weekday,Fall,2023
2023-11-08,27.0,good,weekday,Fall,2023
2023-11-09,29.0,good,weekday,Fall,2023
2023-11-11,19.0,good,weekend,Fall,2023
2023-11-12,19.0,good,weekend,Fall,2023
2023-11-13,25.0,good,weekday,Fall,2023
2023-11-14,32.0,normal,weekday,Fall,2023
2023-11-15,38.0,normal,weekday,Fall,2023
2023-11-16,36.0,normal,weekday,Fall,2023
2023-11-17,18.0,good,weekday,Fall,2023
2023-11-18,24.0,good,weekend,Fall,2023
2023-11-19,38.0,normal,weekend,Fall,2023
2023-11-20,33.0,normal,weekday,Fall,2023
2023-11-21,32.0,normal,weekday,Fall,2023
2023-11-22,33.0,normal,weekday,Fall,2023
2023-11-23,92.0,bad,weekday,Fall,2023
2023-11-24,15.0,good,weekday,Fall,2023
2023-11-25,19.0,good,weekend,Fall,2023
2023-11-26,25.0,good,weekend,Fall,2023
2023-11-27,37.0,normal,weekday,Fall,2023
2023-11-28,29.0,good,weekday,Fall,2023
2023-11-29,18.0,good,weekday,Fall,2023
2023-11-30,19.0,good,weekday,Fall,2023
2023-12-01,25.0,good,weekday,Winter,2023
2023-12-02,33.0,normal,weekend,Winter,2023
2023-12-03,38.0,normal,weekend,Winter,2023
2023-12-04,36.0,normal,weekday,Winter,2023
2023-12-05,35.0,normal,weekday,Winter,2023
2023-12-06,54.0,normal,weekday,Winter,2023
2023-12-07,71.0,normal,weekday,Winter,2023
2023-12-08,96.0,bad,weekday,Winter,2023
2023-12-09,73.0,normal,weekend,Winter,2023
2023-12-10,78.0,normal,weekend,Winter,2023
2023-12-13,14.0,good,weekday,Winter,2023
2023-12-16,27.0,good,weekend,Winter,2023
2023-12-17,16.0,good,weekend,Winter,2023
2023-12-18,14.0,good,weekday,Winter,2023
2023-12-19,23.0,good,weekday,Winter,2023
2023-12-20,48.0,normal,weekday,Winter,2023
2023-12-21,23.0,good,weekday,Winter,2023
2023-12-22,25.0,good,weekday,Winter,2023
2023-12-23,31.0,normal,weekend,Winter,2023
2023-12-24,27.0,good,weekend,Winter,2023
2023-12-25,32.0,normal,weekend,Winter,2023
2023-12-26,46.0,normal,weekday,Winter,2023
2023-12-27,72.0,normal,weekday,Winter,2023
2023-12-28,46.0,normal,weekday,Winter,2023
2023-12-29,40.0,normal,weekday,Winter,2023
2023-12-30,31.0,normal,weekend,Winter,2023
2023-12-31,23.0,good,weekend,Winter,2023
2024-01-01,22.0,good,weekend,Winter,2024
2024-01-02,38.0,normal,weekday,Winter,2024
2024-01-03,40.0,normal,weekday,Winter,2024
2024-01-04,56.0,normal,weekday,Winter,2024
2024-01-05,77.0,normal,weekday,Winter,2024
2024-01-06,24.0,good,weekend,Winter,2024
2024-01-07,26.0,good,weekend,Winter,2024
2024-01-08,24.0,good,weekday,Winter,2024
2024-01-09,30.0,good,weekday,Winter,2024
2024-01-10,63.0,normal,weekday,Winter,2024
2024-01-11,56.0,normal,weekday,Winter,2024
2024-01-12,52.0,normal,weekday,Winter,2024
2024-01-13,28.0,good,weekend,Winter,2024
2024-01-14,31.0,normal,weekend,Winter,2024
2024-01-15,24.0,good,weekday,Winter,2024
2024-01-16,31.0,normal,weekday,Winter,2024
2024-01-17,27.0,good,weekday,Winter,2024
2024-01-18,21.0,good,weekday,Winter,2024
2024-01-19,16.0,good,weekday,Winter,2024
2024-01-21,18.0,good,weekend,Winter,2024
2024-01-22,33.0,normal,weekday,Winter,2024
2024-01-23,24.0,good,weekday,Winter,2024
2024-01-24,28.0,good,weekday,Winter,2024
2024-01-25,24.0,good,weekday,Winter,2024
2024-01-26,32.0,normal,weekday,Winter,2024
2024-01-27,42.0,normal,weekend,Winter,2024
2024-01-28,28.0,good,weekend,Winter,2024
2024-01-29,39.0,normal,weekday,Winter,2024
2024-01-30,52.0,normal,weekday,Winter,2024
2024-01-31,49.0,normal,weekday,Winter,2024
2024-02-01,83.0,bad,weekday,Winter,2024
2024-02-02,40.0,normal,weekday,Winter,2024
2024-02-03,27.0,good,weekend,Winter,2024
2024-02-04,22.0,good,weekend,Winter,2024
2024-02-06,16.0,good,weekday,Winter,2024
2024-02-07,34.0,normal,weekday,Winter,2024
2024-02-08,38.0,normal,weekday,Winter,2024
2024-02-09,33.0,normal,weekend,Winter,2024
2024-02-10,46.0,normal,weekend,Winter,2024
2024-02-11,69.0,normal,weekend,Winter,2024
2024-02-12,64.0,normal,weekend,Winter,2024
2024-02-13,73.0,normal,weekday,Winter,2024
2024-02-14,50.0,normal,weekday,Winter,2024
2024-02-15,18.0,good,weekday,Winter,2024
2024-02-16,29.0,good,weekday,Winter,2024
2024-02-17,36.0,normal,weekend,Winter,2024
2024-02-18,25.0,good,weekend,Winter,2024
2024-02-19,14.0,good,weekday,Winter,2024
2024-02-20,38.0,normal,weekday,Winter,2024
2024-02-23,11.0,good,weekday,Winter,2024
2024-02-24,14.0,good,weekend,Winter,2024
2024-02-25,16.0,good,weekend,Winter,2024
2024-02-26,32.0,normal,weekday,Winter,2024
2024-02-27,19.0,good,weekday,Winter,2024
2024-02-28,34.0,normal,weekday,Winter,2024
2024-02-29,52.0,normal,weekday,Winter,2024
2024-03-01,41.0,normal,weekend,Spring,2024
2024-03-02,43.0,normal,weekend,Spring,2024
2024-03-03,116.0,bad,weekend,Spring,2024
2024-03-04,67.0,normal,weekday,Spring,2024
2024-03-05,43.0,normal,weekday,Spring,2024
2024-03-06,14.0,good,weekday,Spring,2024
2024-03-07,29.0,good,weekday,Spring,2024
2024-03-08,43.0,normal,weekday,Spring,2024
2024-03-09,35.0,normal,weekend,Spring,2024
2024-03-10,30.0,good,weekend,Spring,2024
2024-03-11,29.0,good,weekday,Spring,2024
2024-03-12,27.0,good,weekday,Spring,2024
2024-03-13,46.0,normal,weekday,Spring,2024
2024-03-14,57.0,normal,weekday,Spring,2024
2024-03-15,39.0,normal,weekday,Spring,2024
2024-03-16,37.0,normal,weekend,Spring,2024
2024-03-17,104.0,bad,weekend,Spring,2024
2024-03-18,27.0,good,weekday,Spring,2024
2024-03-19,51.0,normal,weekday,Spring,2024
2024-03-20,39.0,normal,weekday,Spring,2024
2024-03-21,35.0,normal,weekday,Spring,2024
2024-03-22,44.0,normal,weekday,Spring,2024
2024-03-23,62.0,normal,weekend,Spring,2024
2024-03-24,40.0,normal,weekend,Spring,2024
2024-03-28,25.0,good,weekday,Spring,2024
2024-03-29,277.0,very_bad,weekday,Spring,2024
2024-03-30,104.0,bad,weekend,Spring,2024
2024-03-31,50.0,normal,weekend,Spring,2024
2024-04-01,48.0,normal,weekday,Spring,2024
2024-04-02,54.0,normal,weekday,Spring,2024
2024-04-03,36.0,normal,weekday,Spring,2024
2024-04-04,34.0,normal,weekday,Spring,2024
2024-04-05,44.0,normal,weekday,Spring,2024
2024-04-06,60.0,normal,weekend,Spring,2024
2024-04-07,54.0,normal,weekend,Spring,2024
2024-04-08,50.0,normal,weekday,Spring,2024
2024-04-09,50.0,normal,weekday,Spring,2024
2024-04-10,46.0,normal,weekend,Spring,2024
2024-04-11,52.0,normal,weekday,Spring,2024
2024-04-12,51.0,normal,weekday,Spring,2024
2024-04-13,50.0,normal,weekend,Spring,2024
2024-04-14,44.0,normal,weekend,Spring,2024
2024-04-15,23.0,good,weekday,Spring,2024
2024-04-16,99.0,bad,weekday,Spring,2024
2024-04-17,152.0,very_bad,weekday,Spring,2024
2024-04-18,137.0,bad,weekday,Spring,2024
2024-04-19,105.0,bad,weekday,Spring,2024
2024-04-20,70.0,normal,weekend,Spring,2024
2024-04-21,27.0,good,weekend,Spring,2024
2024-04-22,33.0,normal,weekday,Spring,2024
2024-04-23,22.0,good,weekday,Spring,2024
2024-04-24,16.0,good,weekday,Spring,2024
2024-04-25,31.0,normal,weekday,Spring,2024
2024-04-26,70.0,normal,weekday,Spring,2024
2024-04-27,50.0,normal,weekend,Spring,2024
2024-04-28,41.0,normal,weekend,Spring,2024
2024-04-29,47.0,normal,weekday,Spring,2024
2024-04-30,63.0,normal,weekday,Spring,2024
2024-05-01,30.0,good,weekday,Spring,2024
2024-05-02,39.0,normal,weekday,Spring,2024
2024-05-03,49.0,normal,weekday,Spring,2024
2024-05-04,52.0,normal,weekend,Spring,2024
2024-05-05,24.0,good,weekend,Spring,2024
2024-05-07,23.0,good,weekday,Spring,2024
2024-05-08,26.0,good,weekday,Spring,2024
2024-05-09,35.0,normal,weekday,Spring,2024
2024-05-10,30.0,good,weekday,Spring,2024
2024-05-11,23.0,good,weekend,Spring,2024
2024-05-12,75.0,normal,weekend,Spring,2024
2024-05-13,34.0,normal,weekday,Spring,2024
2024-05-14,29.0,good,weekday,Spring,2024
2024-05-15,57.39710144927536,,weekend,Spring,2024
2024-05-18,28.0,good,weekend,Spring,2024
2024-05-19,25.0,good,weekend,Spring,2024
2024-05-20,30.0,good,weekday,Spring,2024
2024-05-21,40.0,normal,weekday,Spring,2024
2024-05-22,47.0,normal,weekday,Spring,2024
2024-05-23,31.0,normal,weekday,Spring,2024
2024-05-24,34.0,normal,weekday,Spring,2024
2024-05-25,35.0,normal,weekend,Spring,2024
2024-05-26,26.0,good,weekend,Spring,2024
2024-05-27,28.0,good,weekday,Spring,2024
2024-05-28,18.0,good,weekday,Spring,2024
2024-05-29,27.0,good,weekday,Spring,2024
2024-05-30,27.0,good,weekday,Spring,2024
2024-05-31,25.0,good,weekday,Spring,2024
2024-06-01,28.0,good,weekend,Summer,2024
2024-06-02,22.0,good,weekend,Summer,2024
2024-06-04,19.0,good,weekday,Summer,2024
2024-06-05,40.0,normal,weekday,Summer,2024
2024-06-06,43.0,normal,weekday,Summer,2024
2024-06-07,31.0,normal,weekday,Summer,2024
2024-06-08,21.0,good,weekend,Summer,2024
2024-06-09,24.0,good,weekend,Summer,2024
2024-06-10,45.0,normal,weekday,Summer,2024
2024-06-11,56.0,normal,weekday,Summer,2024
2024-06-12,32.0,normal,weekday,Summer,2024
2024-06-13,32.0,normal,weekday,Summer,2024
2024-06-14,35.0,normal,weekday,Summer,2024
2024-06-15,26.0,good,weekend,Summer,2024
2024-06-16,22.0,good,weekend,Summer,2024
2024-06-17,23.0,good,weekday,Summer,2024
2024-06-18,27.0,good,weekday,Summer,2024
2024-06-19,42.0,normal,weekday,Summer,2024
2024-06-20,42.0,normal,weekday,Summer,2024
2024-06-21,42.0,normal,weekday,Summer,2024
2024-06-22,29.0,good,weekend,Summer,2024
2024-06-23,16.0,good,weekend,Summer,2024
2024-06-24,50.0,normal,weekday,Summer,2024
2024-06-25,21.0,good,weekday,Summer,2024
2024-06-26,26.0,good,weekday,Summer,2024
2024-06-27,32.0,normal,weekday,Summer,2024
2024-06-28,40.0,normal,weekday,Summer,2024
2024-06-29,33.0,normal,weekend,Summer,2024
2024-06-30,21.0,good,weekend,Summer,2024
2024-07-01,26.0,good,weekday,Summer,2024
2024-07-02,18.0,good,weekday,Summer,2024
2024-07-03,25.0,good,weekday,Summer,2024
2024-07-04,40.0,normal,weekday,Summer,2024
2024-07-05,18.0,good,weekday,Summer,2024
2024-07-06,28.0,good,weekend,Summer,2024
2024-07-07,23.0,good,weekend,Summer,2024
2024-07-08,10.0,good,weekday,Summer,2024
2024-07-09,16.0,good,weekday,Summer,2024
2024-07-10,14.0,good,weekday,Summer,2024
2024-07-11,37.0,normal,weekday,Summer,2024
2024-07-12,37.0,normal,weekday,Summer,2024
2024-07-13,49.0,normal,weekend,Summer,2024
2024-07-14,33.0,normal,weekend,Summer,2024
2024-07-15,13.0,good,weekday,Summer,2024
2024-07-16,14.0,good,weekday,Summer,2024
2024-07-17,13.0,good,weekday,Summer,2024
2024-07-18,11.0,good,weekday,Summer,2024
2024-07-19,24.0,good,weekday,Summer,2024
2024-07-20,17.0,good,weekend,Summer,2024
2024-07-21,18.0,good,weekend,Summer,2024
2024-07-25,21.0,good,weekday,Summer,2024
2024-07-26,18.0,good,weekday,Summer,2024
2024-07-27,18.0,good,weekend,Summer,2024
2024-07-28,17.0,good,weekend,Summer,2024
2024-07-29,19.0,good,weekday,Summer,2024
2024-07-30,22.0,good,weekday,Summer,2024
2024-07-31,16.0,good,weekday,Summer,2024
2024-08-01,19.0,good,weekday,Summer,2024
2024-08-02,26.0,good,weekday,Summer,2024
2024-08-03,31.0,normal,weekend,Summer,2024
2024-08-04,30.0,good,weekend,Summer,2024
2024-08-05,30.0,good,weekday,Summer,2024
2024-08-06,18.0,good,weekday,Summer,2024
2024-08-07,18.0,good,weekday,Summer,2024
2024-08-08,19.0,good,weekday,Summer,2024
2024-08-09,26.0,good,weekday,Summer,2024
2024-08-10,32.0,normal,weekend,Summer,2024
2024-08-11,29.0,good,weekend,Summer,2024
2024-08-12,28.0,good,weekday,Summer,2024
2024-08-13,28.0,good,weekday,Summer,2024
2024-08-14,26.0,good,weekday,Summer,2024
2024-08-15,24.0,good,weekend,Summer,2024
2024-08-16,22.0,good,weekday,Summer,2024
2024-08-17,25.0,good,weekend,Summer,2024
2024-08-18,23.0,good,weekend,Summer,2024
2024-08-19,26.0,good,weekday,Summer,2024
2024-08-20,26.0,good,weekday,Summer,2024
2024-08-21,13.0,good,weekday,Summer,2024
2024-08-22,16.0,good,weekday,Summer,2024
2024-08-23,28.0,good,weekday,Summer,2024
2024-08-24,40.0,normal,weekend,Summer,2024
2024-08-25,39.0,normal,weekend,Summer,2024
2024-08-26,35.0,normal,weekday,Summer,2024
2024-08-27,21.0,good,weekday,Summer,2024
2024-08-28,14.0,good,weekday,Summer,2024
2024-08-29,12.0,good,weekday,Summer,2024
2024-08-30,14.0,good,weekday,Summer,2024
2024-08-31,37.0,normal,weekend,Summer,2024
2024-09-01,30.0,good,weekend,Fall,2024
2024-09-02,20.0,good,weekday,Fall,2024
2024-09-03,13.0,good,weekday,Fall,2024
2024-09-04,22.0,good,weekday,Fall,2024
2024-09-05,21.0,good,weekday,Fall,2024
2024-09-06,16.0,good,weekday,Fall,2024
2024-09-07,23.0,good,weekend,Fall,2024
2024-09-08,29.0,good,weekend,Fall,2024
2024-09-09,29.0,good,weekday,Fall,2024
2024-09-10,29.0,good,weekday,Fall,2024
2024-09-11,33.0,normal,weekday,Fall,2024
2024-09-13,15.0,good,weekday,Fall,2024
2024-09-14,14.0,good,weekend,Fall,2024
2024-09-15,15.0,good,weekend,Fall,2024
2024-09-16,28.84090909090909,,weekend,Fall,2024
2024-09-17,15.0,good,weekend,Fall,2024
2024-09-18,21.0,good,weekend,Fall,2024
2024-09-19,23.0,good,weekday,Fall,2024
2024-09-20,16.0,good,weekday,Fall,2024
2024-09-25,18.0,good,weekday,Fall,2024
2024-09-26,18.0,good,weekday,Fall,2024
2024-09-28,13.0,good,weekend,Fall,2024
2024-09-29,11.0,good,weekend,Fall,2024
2024-09-30,18.0,good,weekday,Fall,2024
2024-10-01,15.0,good,weekend,Fall,2024
2024-10-02,18.0,good,weekday,Fall,2024
2024-10-03,21.0,good,weekend,Fall,2024
2024-10-04,23.0,good,weekday,Fall,2024
2024-10-05,25.0,good,weekend,Fall,2024
2024-10-06,21.0,good,weekend,Fall,2024
2024-10-07,39.0,normal,weekday,Fall,2024
2024-10-08,47.0,normal,weekday,Fall,2024
2024-10-09,18.0,good,weekend,Fall,2024
2024-10-10,23.0,good,weekday,Fall,2024
2024-10-11,34.0,normal,weekday,Fall,2024
2024-10-12,35.0,normal,weekend,Fall,2024
2024-10-13,28.0,good,weekend,Fall,2024
2024-10-14,20.0,good,weekday,Fall,2024
2024-10-15,21.0,good,weekday,Fall,2024
2024-10-16,38.0,normal,weekday,Fall,2024
2024-10-17,39.0,normal,weekday,Fall,2024
2024-10-18,19.0,good,weekday,Fall,2024
2024-10-21,25.0,good,weekday,Fall,2024
2024-10-22,11.0,good,weekday,Fall,2024
2024-10-24,27.0,good,weekday,Fall,2024
2024-10-25,29.0,good,weekday,Fall,2024
2024-10-26,26.0,good,weekend,Fall,2024
2024-10-27,27.0,good,weekend,Fall,2024
2024-10-28,38.0,normal,weekday,Fall,2024
2024-10-30,28.0,good,weekday,Fall,2024
